Time (s),Angle (degrees),Force IN,Force OUT,Force Efficiency,Sensor A1,Sensor A2,Sensor A3,Sensor A4,Sensor A5,Sensor B1,Sensor B2,Sensor B3,Sensor B4,Sensor B5,Sensor C1,Sensor C2,Sensor C3,Sensor C4,Sensor C5,Sensor D1,Sensor D2,Sensor D3,Sensor D4,Sensor D5
1.0,0.0,,-17.891407,1328.5332,0.0,0.0,0.0,0.0,-0.81744987,0.0,0.0,0.0,-0.84462935,-0.8269958,0.0,0.0,0.0,-1.1173487,-0.7485465,-0.6733519,-0.9001747,-0.7346666,-0.9220882,-0.80415887
2.0,0.0,,-0.2644955,-77.7251,197.0,200.0,193.0,206.0,-0.032862306,201.0,203.0,206.0,-0.107123725,-0.13714,200.0,198.0,201.0,-0.026989097,-0.032703485,0.054302573,-0.04926329,0.0074208747,0.0,0.008122817
3.0,0.0,,0.11153057,30.50306,202.0,199.0,203.0,202.0,-0.008215576,202.0,210.0,205.0,-0.016480573,0.020778788,194.0,199.0,200.0,-0.021591278,-0.029069766,0.054302573,0.04926329,-0.0037104373,0.0,-0.040614083
4.0,0.0,,-0.16546635,-87.89764,198.0,198.0,198.0,199.0,-0.004107788,192.0,207.0,205.0,-0.012360429,0.029090304,175.0,199.0,201.0,-0.053978194,0.032703485,0.057922743,-0.05374177,0.0,-0.009314022,-0.04467549
5.0,0.0,,-0.08535299,-94.30822,190.0,202.0,198.0,199.0,0.0,193.0,208.0,215.0,-0.03708129,-0.0124672735,196.0,197.0,202.0,-0.026989097,-0.018168604,0.054302573,-0.04926329,0.0,0.004657011,-0.02436845
6.0,0.0,,0.080961406,32.411552,198.0,197.0,198.0,199.0,0.004107788,197.0,207.0,199.0,0.016480573,0.1080497,200.0,200.0,197.0,-0.016193459,-0.021802325,0.0506824,-0.04478481,0.0,0.004657011,-0.012184225
7.0,0.0,,-0.389192,-179.1775,198.0,192.0,198.0,199.0,-0.004107788,201.0,203.0,201.0,-0.028841004,-0.004155758,152.0,200.0,201.0,-0.010795639,-0.032703485,0.054302573,-0.05374177,0.0037104373,0.004657011,-0.08122817
8.0,0.0,,-0.08176081,-83.64737,205.0,198.0,194.0,199.0,-0.004107788,197.0,208.0,203.0,-0.012360429,0.049869094,154.0,200.0,200.0,-0.016193459,-0.029069766,0.06516308,0.004478481,0.0037104373,0.004657011,0.02436845
9.0,0.0,,0.049145415,33.11083,205.0,199.0,199.0,199.0,-0.004107788,198.0,206.0,203.0,-0.012360429,-0.016623031,201.0,198.0,200.0,-0.021591278,-0.021802325,0.054302573,0.0,0.0037104373,-0.004657011,-0.008122817
10.0,0.0,,0.06935878,-239.48724,210.0,198.0,198.0,198.0,-0.004107788,194.0,206.0,203.0,-0.020600716,-0.004155758,197.0,202.0,201.0,-0.016193459,-0.021802325,0.0760236,0.0,0.0037104373,0.0,-0.012184225
11.0,0.0,,-0.029652834,-Infinity,209.0,197.0,198.0,199.0,0.008215576,197.0,206.0,203.0,-0.020600716,-0.004155758,203.0,202.0,200.0,-0.032386918,0.0072674416,0.06878326,-0.004478481,0.0,-0.13039632,-0.02436845
12.0,0.0,,-0.17838535,-615.9423,199.0,197.0,197.0,203.0,-0.004107788,197.0,206.0,203.0,-0.024720859,-0.0124672735,175.0,201.0,202.0,-0.010795639,-0.021802325,0.04706223,-0.058220252,0.0,-0.027942067,0.0040614083
13.0,0.0,,-0.17838535,-615.9423,199.0,197.0,197.0,203.0,-0.004107788,197.0,206.0,203.0,-0.024720859,-0.0124672735,175.0,201.0,202.0,-0.010795639,-0.021802325,0.04706223,-0.058220252,0.0,-0.027942067,0.0040614083
14.0,0.0,,-0.17838535,-615.9423,199.0,197.0,197.0,203.0,-0.004107788,197.0,206.0,203.0,-0.024720859,-0.0124672735,175.0,201.0,202.0,-0.010795639,-0.021802325,0.04706223,-0.058220252,0.0,-0.027942067,0.0040614083
15.0,0.0,,-0.17838535,-615.9423,199.0,197.0,197.0,203.0,-0.004107788,197.0,206.0,203.0,-0.024720859,-0.0124672735,175.0,201.0,202.0,-0.010795639,-0.021802325,0.04706223,-0.058220252,0.0,-0.027942067,0.0040614083
16.0,0.0,,-0.17838535,-615.9423,199.0,197.0,197.0,203.0,-0.004107788,197.0,206.0,203.0,-0.024720859,-0.0124672735,175.0,201.0,202.0,-0.010795639,-0.021802325,0.04706223,-0.058220252,0.0,-0.027942067,0.0040614083
17.0,0.0,,-0.17838535,-615.9423,199.0,197.0,197.0,203.0,-0.004107788,197.0,206.0,203.0,-0.024720859,-0.0124672735,175.0,201.0,202.0,-0.010795639,-0.021802325,0.04706223,-0.058220252,0.0,-0.027942067,0.0040614083
18.0,0.0,,-0.17838535,-615.9423,199.0,197.0,197.0,203.0,-0.004107788,197.0,206.0,203.0,-0.024720859,-0.0124672735,175.0,201.0,202.0,-0.010795639,-0.021802325,0.04706223,-0.058220252,0.0,-0.027942067,0.0040614083
19.0,0.0,,-0.17838535,-615.9423,199.0,197.0,197.0,203.0,-0.004107788,197.0,206.0,203.0,-0.024720859,-0.0124672735,175.0,201.0,202.0,-0.010795639,-0.021802325,0.04706223,-0.058220252,0.0,-0.027942067,0.0040614083
20.0,0.0,,-0.09648851,20.822674,205.0,199.0,163.0,200.0,-0.004107788,197.0,207.0,203.0,-0.020600716,0.004155758,198.0,200.0,200.0,-0.026989097,-0.029069766,0.039821886,-0.04478481,0.0,0.09314022,0.008122817
21.0,0.0,,-0.18124977,-84.85869,199.0,214.0,199.0,213.0,0.0,196.0,205.0,203.0,-0.020600716,-0.016623031,198.0,197.0,199.0,-0.032386918,-0.025436046,0.057922743,-0.067177214,0.0037104373,0.074512176,0.0040614083
22.0,0.0,,0.186461,-119.7817,229.0,182.0,211.0,200.0,-0.016431153,195.0,205.0,202.0,-0.020600716,-0.020778788,196.0,198.0,199.0,-0.026989097,-0.025436046,0.0506824,0.067177214,0.011131312,0.037256088,0.0
23.0,0.0,,0.20926915,-214.09784,149.0,205.0,200.0,232.0,0.16020374,197.0,204.0,201.0,-0.024720859,0.0124672735,199.0,196.0,201.0,-0.026989097,-0.039970927,0.054302573,0.09852658,0.0,0.0419131,0.008122817
24.0,0.0,,-0.6284432,482.20798,129.0,194.0,195.0,194.0,-0.008215576,170.0,231.0,202.0,-0.024720859,0.008311516,176.0,200.0,200.0,-0.021591278,-0.036337208,0.057922743,-0.04478481,0.0074208747,-0.018628044,0.0040614083
25.0,0.0,,-0.01857328,-10.059798,217.0,197.0,200.0,196.0,-0.053401247,181.0,210.0,202.0,-0.024720859,0.0,196.0,197.0,199.0,-0.026989097,-0.025436046,0.043442056,0.058220252,-0.0037104373,0.0,0.0
26.0,0.0,,-0.3154808,-122.73982,196.0,197.0,158.0,194.0,0.0,197.0,231.0,203.0,-0.020600716,-0.008311516,168.0,196.0,198.0,-0.021591278,-0.025436046,0.039821886,-0.04478481,0.0,0.06519816,0.0040614083
27.0,0.0,,-0.18683001,-245.75264,186.0,196.0,195.0,196.0,-0.008215576,197.0,224.0,202.0,-0.024720859,0.004155758,151.0,199.0,199.0,-0.026989097,-0.021802325,0.054302573,-0.067177214,0.0037104373,0.14436735,0.012184225
28.0,0.0,,-0.30946437,-657.56415,199.0,194.0,197.0,194.0,-0.004107788,194.0,214.0,202.0,-0.024720859,0.0124672735,148.0,198.0,199.0,-0.021591278,-0.036337208,0.04706223,-0.067177214,0.0,0.051227123,0.0040614083
29.0,0.0,,-0.6733489,-516.66437,196.0,143.0,176.0,199.0,-0.004107788,199.0,203.0,201.0,-0.020600716,-0.004155758,157.0,197.0,199.0,-0.021591278,-0.021802325,0.039821886,-0.067177214,0.0,0.037256088,0.0040614083
30.0,0.0,,-0.18376,-54.580673,202.0,190.0,198.0,199.0,-0.008215576,199.0,209.0,203.0,-0.016480573,-0.020778788,148.0,198.0,200.0,-0.016193459,-0.032703485,0.11222532,-0.04926329,0.0074208747,0.06519816,0.008122817
31.0,0.0,,0.27114874,47.404694,205.0,201.0,198.0,198.0,-0.008215576,197.0,207.0,203.0,-0.020600716,-0.008311516,195.0,203.0,200.0,-0.016193459,-0.036337208,0.07240343,0.0,0.0037104373,0.2095655,0.008122817
32.0,0.0,,-0.097273655,-52.68608,200.0,190.0,201.0,198.0,-0.004107788,199.0,204.0,205.0,-0.008240286,0.09142667,164.0,208.0,206.0,-0.026989097,-0.010901162,-0.0036201715,-0.026870886,-0.025973061,-0.004657011,0.016245633
33.0,0.0,,-0.3165937,460.2773,204.0,189.0,193.0,199.0,-0.004107788,191.0,212.0,200.0,-0.008240286,-0.004155758,172.0,200.0,200.0,-0.026989097,-0.032703485,-0.007240343,-0.0716557,0.022262624,-0.0139710335,0.016245633
34.0,0.0,,0.13039799,24.174385,203.0,190.0,192.0,206.0,0.09858692,206.0,216.0,205.0,-0.016480573,0.0,197.0,203.0,201.0,-0.0053978194,-0.032703485,0.04706223,-0.022392405,0.0,0.0,-0.0487369
35.0,0.0,,0.12577426,65.552124,199.0,207.0,194.0,202.0,0.004107788,202.0,203.0,207.0,-0.028841004,-0.004155758,219.0,195.0,201.0,-0.016193459,-0.029069766,0.0506824,-0.013435443,0.0,0.009314022,-0.016245633
36.0,0.0,,0.24633422,71.62621,213.0,201.0,212.0,223.0,0.0,202.0,191.0,204.0,0.07004244,0.10389394,169.0,199.0,200.0,-0.016193459,-0.036337208,0.06878326,-0.05374177,0.0,0.0419131,-0.05279831
37.0,0.0,,-0.06421592,-43.264305,209.0,187.0,197.0,224.0,0.0,177.0,235.0,204.0,-0.020600716,-0.004155758,166.0,197.0,200.0,-0.021591278,-0.032703485,0.06878326,-0.05374177,0.018552186,-0.009314022,0.0
38.0,0.0,,0.106029674,585.77155,228.0,228.0,200.0,201.0,0.004107788,173.0,221.0,203.0,-0.020600716,-0.008311516,159.0,198.0,201.0,-0.021591278,-0.029069766,0.04706223,-0.058220252,0.022262624,0.055884134,0.016245633
39.0,0.0,,0.21566923,-220.64561,258.0,203.0,196.0,203.0,-0.004107788,183.0,196.0,204.0,-0.03708129,0.0,200.0,198.0,201.0,-0.016193459,-0.025436046,0.0506824,-0.04030633,0.0,0.009314022,0.008122817
40.0,0.0,,-0.10331286,118.9088,207.0,231.0,197.0,202.0,0.012323365,198.0,185.0,203.0,-0.008240286,-0.004155758,148.0,199.0,201.0,-0.016193459,-0.029069766,0.06516308,-0.058220252,-0.0037104373,0.023285056,0.0
41.0,0.0,,0.42281657,-556.1649,265.0,242.0,201.0,200.0,0.0,181.0,229.0,204.0,-0.016480573,0.004155758,149.0,199.0,202.0,-0.010795639,-0.032703485,0.061542913,-0.04926329,0.0037104373,0.055884134,0.0040614083
43.0,0.0,,-0.16327175,-136.66837,209.0,191.0,202.0,204.0,0.0,202.0,212.0,204.0,-0.020600716,-0.0124672735,151.0,200.0,201.0,-0.016193459,-0.021802325,0.057922743,-0.06269874,-0.0037104373,0.06519816,0.0
44.0,0.0,,0.07048459,14.316148,203.0,204.0,196.0,199.0,-0.004107788,198.0,207.0,214.0,-0.024720859,-0.016623031,199.0,199.0,201.0,-0.016193459,-0.025436046,0.0506824,0.004478481,0.0,-0.04657011,0.020307042
45.0,0.0,,0.11246899,35.30376,211.0,206.0,200.0,191.0,-0.032862306,200.0,208.0,204.0,0.024720859,-0.07064788,179.0,199.0,202.0,-0.021591278,-0.029069766,0.054302573,-0.04926329,0.0,0.088483214,0.11371944
46.0,0.0,,0.090010725,16.357674,211.0,230.0,202.0,190.0,0.020538941,198.0,204.0,226.0,-0.020600716,-0.020778788,206.0,197.0,201.0,-0.021591278,-0.032703485,0.04706223,-0.04926329,0.0,-0.1257393,-0.06904394
47.0,0.0,,0.21212214,114.89118,198.0,216.0,198.0,198.0,0.012323365,200.0,203.0,207.0,-0.016480573,0.13298425,202.0,199.0,201.0,-0.016193459,-0.025436046,0.04706223,-0.04926329,-0.0037104373,-0.009314022,0.0
48.0,0.0,,0.24237815,155.7026,211.0,201.0,202.0,203.0,0.008215576,197.0,224.0,205.0,-0.045321576,-0.0124672735,210.0,212.0,205.0,-0.010795639,0.0,0.054302573,-0.04030633,0.0,-0.004657011,-0.06498253
49.0,0.0,,0.011803347,Infinity,199.0,204.0,198.0,199.0,0.012323365,196.0,205.0,213.0,-0.008240286,0.008311516,160.0,208.0,204.0,-0.037784737,0.04360465,0.061542913,-0.058220252,0.0,0.0139710335,0.012184225
50.0,0.0,,-0.15946093,-59.524185,200.0,198.0,196.0,199.0,-0.004107788,204.0,214.0,204.0,-0.04120143,-0.024934547,191.0,208.0,202.0,-0.053978194,-0.05450581,0.018100858,-0.04478481,0.0074208747,0.0,-0.06092113
51.0,0.0,,0.14428951,132.85698,209.0,202.0,193.0,194.0,-0.004107788,200.0,211.0,212.0,-0.016480573,-0.024934547,199.0,197.0,207.0,0.0053978194,-0.021802325,0.08688411,-0.06269874,-0.0037104373,0.018628044,0.02842986
52.0,0.0,,0.14428951,132.85698,205.0,198.0,202.0,196.0,-0.004107788,194.0,202.0,206.0,-0.016480573,-0.024934547,194.0,197.0,207.0,0.0053978194,-0.021802325,0.08688411,-0.06269874,-0.0037104373,0.018628044,0.02842986
53.0,0.0,,0.17957468,63.594765,198.0,202.0,201.0,202.0,-0.004107788,198.0,207.0,206.0,-0.008240286,0.09142667,199.0,206.0,203.0,-0.026989097,-0.014534883,0.10498497,-0.06269874,-0.018552186,0.0,-0.016245633
54.0,0.0,,0.15212277,221.1625,212.0,197.0,198.0,199.0,-0.004107788,200.0,202.0,207.0,-0.028841004,0.033246063,198.0,202.0,204.0,-0.016193459,-0.036337208,0.08688411,0.03582785,0.0,0.023285056,-0.06904394
55.0,0.0,,0.17317243,-281.38486,199.0,194.0,202.0,197.0,-0.004107788,193.0,204.0,203.0,-0.012360429,0.0124672735,201.0,197.0,202.0,-0.021591278,0.018168604,0.014480686,0.15226835,-0.018552186,0.009314022,0.032491267
56.0,0.0,,0.1606543,80.68643,209.0,195.0,201.0,195.0,-0.004107788,201.0,204.0,203.0,-0.012360429,0.14545152,195.0,199.0,204.0,-0.016193459,-0.029069766,0.04706223,-0.03134937,0.0037104373,0.037256088,-0.040614083
57.0,0.0,,2.3457062,762.2993,206.0,199.0,197.0,201.0,-0.004107788,194.0,207.0,203.0,-0.020600716,0.041557577,192.0,204.0,202.0,-0.026989097,-0.021802325,0.07964377,-0.05374177,0.0074208747,-0.004657011,-0.016245633
58.0,0.0,,-0.06752007,-21.942432,211.0,197.0,201.0,199.0,-0.004107788,198.0,203.0,203.0,-0.020600716,0.041557577,200.0,197.0,201.0,-0.026989097,-0.021802325,0.07964377,-0.05374177,0.0074208747,-0.004657011,-0.016245633
59.0,0.0,,-0.07377966,-23.976654,210.0,198.0,199.0,195.0,-0.004107788,194.0,208.0,203.0,-0.020600716,0.041557577,197.0,202.0,203.0,-0.026989097,-0.021802325,0.07964377,-0.05374177,0.0074208747,-0.004657011,-0.016245633
60.0,0.0,,-0.07771942,-25.256983,198.0,198.0,196.0,195.0,-0.004107788,196.0,207.0,203.0,-0.020600716,0.041557577,168.0,198.0,202.0,-0.026989097,-0.021802325,0.07964377,-0.05374177,0.0074208747,-0.004657011,-0.016245633
61.0,0.0,,-0.07289959,-23.69065,197.0,197.0,195.0,199.0,-0.004107788,194.0,205.0,204.0,-0.020600716,0.041557577,187.0,206.0,204.0,-0.026989097,-0.021802325,0.07964377,-0.05374177,0.0074208747,-0.004657011,-0.016245633
62.0,0.0,,-0.13424368,-47.54119,199.0,189.0,202.0,199.0,-0.004107788,198.0,207.0,203.0,-0.032961145,-0.0124672735,168.0,198.0,203.0,-0.021591278,-0.025436046,0.09774463,0.0,-0.037104372,0.03259908,0.008122817
63.0,0.0,,-0.08879189,-175.19276,205.0,197.0,202.0,199.0,-0.004107788,199.0,210.0,205.0,-0.012360429,-0.016623031,186.0,198.0,202.0,-0.016193459,-0.039970927,0.0506824,-0.094048105,-0.044525247,0.037256088,0.008122817
64.0,0.0,,0.09712988,243.9108,202.0,198.0,202.0,199.0,0.0,198.0,204.0,205.0,-0.008240286,0.020778788,201.0,212.0,202.0,-0.026989097,-0.10901162,0.054302573,-0.067177214,0.074208744,0.009314022,0.0040614083
65.0,0.0,,0.04958174,-85.599785,208.0,202.0,194.0,201.0,-0.008215576,200.0,210.0,206.0,-0.016480573,0.0124672735,157.0,202.0,202.0,0.048580375,-0.018168604,0.19548926,-0.08956962,0.011131312,0.03259908,-0.06092113
66.0,0.0,,0.15467802,53.408394,202.0,198.0,197.0,199.0,-0.004107788,201.0,205.0,204.0,0.032961145,0.041557577,190.0,197.0,202.0,-0.070171654,-0.029069766,0.19186908,-0.013435443,0.0,0.037256088,-0.036552675
67.0,0.0,,-0.07552057,-695.3683,201.0,204.0,198.0,199.0,-0.008215576,196.0,204.0,201.0,-0.016480573,-0.029090304,197.0,202.0,206.0,-0.070171654,-0.05450581,0.028961372,-0.03582785,0.0,0.03259908,0.012184225
68.0,0.0,,-0.24045663,-61.501236,201.0,198.0,200.0,199.0,-0.004107788,191.0,204.0,205.0,-0.012360429,0.008311516,152.0,199.0,202.0,0.0,0.036337208,-0.036201715,-0.022392405,0.0,0.018628044,-0.02436845
69.0,0.0,,-0.3559825,-297.97894,193.0,190.0,193.0,199.0,0.0,203.0,208.0,211.0,-0.008240286,0.024934547,152.0,201.0,203.0,-0.070171654,-0.04723837,0.03258154,-0.10748354,0.0,0.0139710335,0.012184225
70.0,0.0,,0.15314427,162.70403,199.0,196.0,193.0,203.0,0.016431153,197.0,217.0,206.0,-0.008240286,0.020778788,161.0,225.0,204.0,-0.016193459,-0.025436046,0.06516308,-0.04926329,0.0,0.018628044,0.10559662
71.0,0.0,,0.16546376,32.88205,199.0,203.0,197.0,198.0,-0.004107788,214.0,220.0,206.0,-0.020600716,0.016623031,153.0,224.0,208.0,0.016193459,0.0036337208,0.0506824,-0.06269874,0.0,0.027942067,0.016245633
72.0,0.0,,0.12044986,97.85844,206.0,247.0,191.0,201.0,0.012323365,201.0,209.0,204.0,-0.028841004,0.033246063,154.0,203.0,203.0,-0.016193459,-0.029069766,0.04706223,-0.06269874,0.0074208747,0.0139710335,0.016245633
73.0,0.0,,0.44374585,-140.89186,203.0,203.0,209.0,201.0,0.004107788,203.0,206.0,206.0,-0.012360429,0.19116485,202.0,224.0,194.0,-0.021591278,-0.025436046,0.054302573,-0.05374177,0.0074208747,0.004657011,0.0
74.0,0.0,,2.460676,2614.2793,211.0,198.0,225.0,201.0,0.012323365,205.0,205.0,198.0,-0.016480573,-0.020778788,134.0,196.0,200.0,-0.032386918,-0.021802325,0.0506824,-0.058220252,0.0037104373,0.018628044,-0.02436845
75.0,0.0,,2.3892763,2538.4226,216.0,206.0,197.0,205.0,0.012323365,194.0,207.0,201.0,-0.016480573,-0.020778788,205.0,193.0,202.0,-0.032386918,-0.021802325,0.0506824,-0.058220252,0.0037104373,0.018628044,-0.02436845
76.0,0.0,,2.4503396,2603.2976,200.0,208.0,200.0,204.0,0.012323365,223.0,209.0,201.0,-0.016480573,-0.020778788,140.0,203.0,200.0,-0.032386918,-0.021802325,0.0506824,-0.058220252,0.0037104373,0.018628044,-0.02436845
77.0,0.0,,2.5556178,2715.1477,209.0,239.0,203.0,214.0,0.012323365,196.0,200.0,204.0,-0.016480573,-0.020778788,153.0,200.0,200.0,-0.032386918,-0.021802325,0.0506824,-0.058220252,0.0037104373,0.018628044,-0.02436845
78.0,0.0,,3.441689,3656.5303,212.0,489.0,156.0,216.0,0.012323365,165.0,212.0,214.0,-0.016480573,-0.020778788,201.0,218.0,201.0,-0.032386918,-0.021802325,0.0506824,-0.058220252,0.0037104373,0.018628044,-0.02436845
79.0,0.0,,3.5497365,3771.3225,291.0,196.0,284.0,221.0,0.012323365,199.0,203.0,321.0,-0.016480573,-0.020778788,197.0,201.0,203.0,-0.032386918,-0.021802325,0.0506824,-0.058220252,0.0037104373,0.018628044,-0.02436845
80.0,0.0,,3.6457443,3873.3232,208.0,196.0,424.0,260.0,0.012323365,234.0,217.0,178.0,-0.016480573,-0.020778788,331.0,329.0,271.0,-0.032386918,-0.021802325,0.0506824,-0.058220252,0.0037104373,0.018628044,-0.02436845
81.0,0.0,,3.8050013,4042.5215,216.0,107.0,400.0,453.0,0.012323365,193.0,223.0,230.0,-0.016480573,-0.020778788,265.0,253.0,276.0,-0.032386918,-0.021802325,0.0506824,-0.058220252,0.0037104373,0.018628044,-0.02436845
82.0,0.0,,3.1366718,3332.473,264.0,235.0,236.0,245.0,0.012323365,201.0,207.0,213.0,-0.016480573,-0.020778788,311.0,250.0,244.0,-0.032386918,-0.021802325,0.0506824,-0.058220252,0.0037104373,0.018628044,-0.02436845
83.0,0.0,,3.0151205,3203.334,216.0,208.0,272.0,180.0,0.012323365,206.0,284.0,209.0,-0.016480573,-0.020778788,209.0,201.0,201.0,-0.032386918,-0.021802325,0.0506824,-0.058220252,0.0037104373,0.018628044,-0.02436845
84.0,0.0,,3.1180398,3312.678,206.0,296.0,226.0,210.0,0.012323365,202.0,199.0,268.0,-0.016480573,-0.020778788,190.0,198.0,201.0,-0.032386918,-0.021802325,0.0506824,-0.058220252,0.0037104373,0.018628044,-0.02436845
85.0,0.0,,2.223374,2362.164,196.0,190.0,192.0,201.0,0.012323365,200.0,208.0,203.0,-0.016480573,-0.020778788,217.0,200.0,203.0,-0.032386918,-0.021802325,0.0506824,-0.058220252,0.0037104373,0.018628044,-0.02436845
86.0,0.0,,2.4209073,2572.028,200.0,205.0,200.0,219.0,0.012323365,198.0,210.0,204.0,-0.016480573,-0.020778788,164.0,204.0,202.0,-0.032386918,-0.021802325,0.0506824,-0.058220252,0.0037104373,0.018628044,-0.02436845
87.0,0.0,,2.2950318,2438.295,202.0,195.0,194.0,203.0,0.012323365,195.0,213.0,204.0,-0.016480573,-0.020778788,162.0,197.0,205.0,-0.032386918,-0.021802325,0.0506824,-0.058220252,0.0037104373,0.018628044,-0.02436845
88.0,0.0,,2.3205807,2465.4387,203.0,198.0,200.0,192.0,0.012323365,197.0,221.0,200.0,-0.016480573,-0.020778788,159.0,198.0,204.0,-0.032386918,-0.021802325,0.0506824,-0.058220252,0.0037104373,0.018628044,-0.02436845
89.0,0.0,,2.3830032,2531.7578,211.0,198.0,201.0,198.0,0.012323365,197.0,217.0,204.0,-0.016480573,-0.020778788,199.0,206.0,203.0,-0.032386918,-0.021802325,0.0506824,-0.058220252,0.0037104373,0.018628044,-0.02436845
90.0,0.0,,2.4124699,2563.064,210.0,202.0,198.0,201.0,0.012323365,195.0,223.0,204.0,-0.016480573,-0.020778788,195.0,209.0,201.0,-0.032386918,-0.021802325,0.0506824,-0.058220252,0.0037104373,0.018628044,-0.02436845
91.0,0.0,,0.048252486,95.20562,196.0,202.0,201.0,197.0,-0.004107788,196.0,209.0,198.0,-0.012360429,0.066492125,200.0,207.0,201.0,-0.032386918,-0.10901162,-0.057922743,0.026870886,0.0,0.0,-0.036552675
92.0,0.0,,-0.017624049,-27.046059,196.0,202.0,201.0,197.0,-0.020538941,196.0,209.0,198.0,0.0,0.041557577,200.0,207.0,201.0,0.0053978194,-0.09811046,-0.054302573,0.008956962,-0.0037104373,0.0139710335,0.02842986
93.0,0.0,,0.25141507,224.02707,194.0,194.0,198.0,200.0,-0.004107788,198.0,211.0,204.0,-0.008240286,-0.004155758,202.0,203.0,203.0,-0.0053978194,-0.021802325,0.1013648,0.09852658,0.0037104373,0.0139710335,0.02436845
94.0,0.0,,0.004647279,-9.874753,209.0,193.0,198.0,199.0,-0.004107788,199.0,208.0,203.0,0.045321576,-0.004155758,182.0,197.0,204.0,-0.026989097,-0.025436046,0.1013648,-0.10748354,0.0,0.009314022,0.02842986
95.0,0.0,,-0.032940034,-7.3379245,197.0,196.0,200.0,195.0,-0.004107788,195.0,205.0,203.0,-0.016480573,-0.008311516,199.0,201.0,201.0,-0.021591278,-0.014534883,0.039821886,-0.03582785,0.0074208747,0.0139710335,0.016245633
96.0,0.0,,0.093462095,-54.929863,195.0,198.0,198.0,198.0,-0.004107788,198.0,208.0,201.0,-0.024720859,0.020778788,195.0,211.0,203.0,-0.026989097,-0.018168604,0.10860515,0.0,-0.0037104373,0.0419131,-0.0487369
97.0,0.0,,0.019184712,21.197573,204.0,198.0,195.0,199.0,-0.004107788,198.0,204.0,200.0,-0.016480573,0.016623031,199.0,206.0,201.0,-0.026989097,-0.018168604,0.07240343,-0.04478481,0.0037104373,0.04657011,-0.06092113
98.0,0.0,,-0.07005148,53.75089,202.0,197.0,199.0,201.0,-0.004107788,199.0,204.0,203.0,-0.004120143,-0.008311516,197.0,198.0,206.0,0.0,-0.032703485,0.036201715,-0.04926329,0.0074208747,-0.06519816,-0.0040614083
99.0,0.0,,0.01749315,-14.642827,197.0,202.0,200.0,199.0,-0.008215576,200.0,204.0,200.0,-0.012360429,0.008311516,195.0,200.0,203.0,-0.021591278,-0.014534883,0.04706223,-0.05374177,0.0,0.037256088,0.008122817
100.0,0.0,,-0.39180905,-105.0771,202.0,176.0,197.0,198.0,-0.012323365,199.0,207.0,203.0,-0.024720859,0.024934547,153.0,198.0,201.0,-0.016193459,-0.018168604,0.07240343,-0.013435443,0.018552186,-0.12108229,-0.008122817
101.0,0.0,,-0.13253596,70.40464,193.0,196.0,198.0,198.0,-0.008215576,197.0,210.0,203.0,-0.016480573,0.0,159.0,197.0,202.0,-0.026989097,0.032703485,0.09774463,-0.058220252,-0.0074208747,0.060541146,0.0
102.0,0.0,,-0.22786757,-393.39914,200.0,194.0,194.0,193.0,0.012323365,195.0,207.0,204.0,-0.016480573,0.0124672735,152.0,200.0,201.0,-0.026989097,0.010901162,0.039821886,-0.04030633,0.0,0.04657011,-0.0040614083
103.0,0.0,,-0.22736844,-93.74028,200.0,204.0,174.0,190.0,0.11501807,197.0,209.0,203.0,-0.020600716,-0.0124672735,153.0,198.0,201.0,-0.026989097,-0.018168604,0.06516308,-0.067177214,-0.0037104373,0.060541146,0.0040614083
104.0,0.0,,0.30587995,2816.441,190.0,216.0,201.0,205.0,0.13144922,222.0,209.0,203.0,-0.020600716,0.020778788,191.0,199.0,202.0,-0.026989097,-0.032703485,0.043442056,-0.05374177,0.0074208747,0.023285056,0.008122817
105.0,0.0,,2.1357646,-3470.3665,196.0,161.0,208.0,197.0,-0.012323365,186.0,225.0,196.0,-0.016480573,-0.004155758,148.0,198.0,202.0,-0.026989097,-0.039970927,0.039821886,-0.04926329,0.0074208747,0.0419131,0.008122817
106.0,0.0,,2.0790813,-3378.2627,200.0,155.0,193.0,198.0,-0.012323365,213.0,205.0,195.0,-0.016480573,-0.004155758,157.0,199.0,204.0,-0.026989097,-0.039970927,0.039821886,-0.04926329,0.0074208747,0.0419131,0.008122817
107.0,0.0,,2.2215137,-3609.6985,199.0,198.0,205.0,174.0,-0.012323365,204.0,207.0,203.0,-0.016480573,-0.004155758,149.0,199.0,203.0,-0.026989097,-0.039970927,0.039821886,-0.04926329,0.0074208747,0.0419131,0.008122817
109.0,0.0,,2.1653137,-3518.3804,198.0,195.0,196.0,177.0,-0.012323365,204.0,206.0,201.0,-0.016480573,-0.004155758,153.0,198.0,203.0,-0.026989097,-0.039970927,0.039821886,-0.04926329,0.0074208747,0.0419131,0.008122817
110.0,0.0,,2.134942,-3469.0298,205.0,208.0,172.0,197.0,-0.012323365,178.0,207.0,200.0,-0.016480573,-0.004155758,134.0,193.0,204.0,-0.026989097,-0.039970927,0.039821886,-0.04926329,0.0074208747,0.0419131,0.008122817
111.0,0.0,,2.2154837,-3599.9006,198.0,183.0,192.0,195.0,-0.012323365,208.0,213.0,202.0,-0.016480573,-0.004155758,139.0,202.0,213.0,-0.026989097,-0.039970927,0.039821886,-0.04926329,0.0074208747,0.0419131,0.008122817
112.0,0.0,,2.2978654,-3733.7612,197.0,197.0,203.0,207.0,-0.012323365,195.0,207.0,202.0,-0.016480573,-0.004155758,203.0,191.0,204.0,-0.026989097,-0.039970927,0.039821886,-0.04926329,0.0074208747,0.0419131,0.008122817
113.0,0.0,,2.3167205,-3764.3984,198.0,201.0,201.0,199.0,-0.012323365,200.0,211.0,203.0,-0.016480573,-0.004155758,135.0,197.0,207.0,-0.026989097,-0.039970927,0.039821886,-0.04926329,0.0074208747,0.0419131,0.008122817
114.0,0.0,,2.3517118,-3821.2551,179.0,254.0,179.0,199.0,-0.012323365,199.0,208.0,203.0,-0.016480573,-0.004155758,154.0,200.0,203.0,-0.026989097,-0.039970927,0.039821886,-0.04926329,0.0074208747,0.0419131,0.008122817
115.0,0.0,,2.0906117,-3396.9983,189.0,175.0,193.0,192.0,-0.012323365,197.0,212.0,203.0,-0.016480573,-0.004155758,172.0,197.0,204.0,-0.026989097,-0.039970927,0.039821886,-0.04926329,0.0074208747,0.0419131,0.008122817
116.0,0.0,,2.2914438,-3723.327,198.0,197.0,198.0,199.0,-0.012323365,198.0,215.0,202.0,-0.016480573,-0.004155758,197.0,197.0,204.0,-0.026989097,-0.039970927,0.039821886,-0.04926329,0.0074208747,0.0419131,0.008122817
117.0,0.0,,2.4294589,-3947.5852,211.0,204.0,195.0,216.0,-0.012323365,197.0,214.0,202.0,-0.016480573,-0.004155758,181.0,200.0,204.0,-0.026989097,-0.039970927,0.039821886,-0.04926329,0.0074208747,0.0419131,0.008122817
118.0,0.0,,2.400763,-3900.9578,205.0,216.0,202.0,200.0,-0.012323365,194.0,211.0,203.0,-0.016480573,-0.004155758,152.0,198.0,204.0,-0.026989097,-0.039970927,0.039821886,-0.04926329,0.0074208747,0.0419131,0.008122817
119.0,0.0,,2.3504238,-3819.1626,212.0,200.0,200.0,195.0,-0.012323365,200.0,210.0,203.0,-0.016480573,-0.004155758,156.0,199.0,204.0,-0.026989097,-0.039970927,0.039821886,-0.04926329,0.0074208747,0.0419131,0.008122817
120.0,0.0,,2.371243,-3852.9912,201.0,202.0,201.0,201.0,-0.012323365,198.0,218.0,202.0,-0.016480573,-0.004155758,163.0,216.0,204.0,-0.026989097,-0.039970927,0.039821886,-0.04926329,0.0074208747,0.0419131,0.008122817
121.0,0.0,,2.2954688,-3729.867,207.0,200.0,198.0,195.0,-0.012323365,196.0,207.0,204.0,-0.016480573,-0.004155758,151.0,195.0,215.0,-0.026989097,-0.039970927,0.039821886,-0.04926329,0.0074208747,0.0419131,0.008122817
122.0,0.0,,2.3138142,-3759.676,202.0,198.0,199.0,197.0,-0.012323365,204.0,208.0,205.0,-0.016480573,-0.004155758,154.0,198.0,211.0,-0.026989097,-0.039970927,0.039821886,-0.04926329,0.0074208747,0.0419131,0.008122817
123.0,0.0,,2.34069,-3803.346,198.0,199.0,202.0,198.0,-0.012323365,203.0,212.0,208.0,-0.016480573,-0.004155758,202.0,198.0,204.0,-0.026989097,-0.039970927,0.039821886,-0.04926329,0.0074208747,0.0419131,0.008122817
124.0,0.0,,2.2956586,-3730.1753,199.0,192.0,199.0,198.0,-0.012323365,201.0,215.0,205.0,-0.016480573,-0.004155758,187.0,205.0,204.0,-0.026989097,-0.039970927,0.039821886,-0.04926329,0.0074208747,0.0419131,0.008122817
125.0,0.0,,2.32905,-3784.4324,207.0,203.0,199.0,199.0,-0.012323365,194.0,207.0,206.0,-0.016480573,-0.004155758,182.0,202.0,204.0,-0.026989097,-0.039970927,0.039821886,-0.04926329,0.0074208747,0.0419131,0.008122817
126.0,0.0,,2.2619648,-3675.4268,198.0,192.0,200.0,201.0,-0.012323365,196.0,210.0,203.0,-0.016480573,-0.004155758,191.0,204.0,205.0,-0.026989097,-0.039970927,0.039821886,-0.04926329,0.0074208747,0.0419131,0.008122817
127.0,0.0,,2.3285956,-3783.694,207.0,202.0,199.0,198.0,-0.012323365,199.0,207.0,203.0,-0.016480573,-0.004155758,151.0,200.0,203.0,-0.026989097,-0.039970927,0.039821886,-0.04926329,0.0074208747,0.0419131,0.008122817
128.0,0.0,,2.313323,-3758.878,210.0,198.0,200.0,195.0,-0.012323365,197.0,208.0,203.0,-0.016480573,-0.004155758,149.0,198.0,205.0,-0.026989097,-0.039970927,0.039821886,-0.04926329,0.0074208747,0.0419131,0.008122817
129.0,0.0,,2.5499542,-4143.376,241.0,196.0,221.0,198.0,-0.012323365,198.0,209.0,201.0,-0.016480573,-0.004155758,151.0,198.0,204.0,-0.026989097,-0.039970927,0.039821886,-0.04926329,0.0074208747,0.0419131,0.008122817
130.0,0.0,,2.2126086,-3595.229,199.0,195.0,205.0,196.0,-0.012323365,185.0,204.0,202.0,-0.016480573,-0.004155758,151.0,198.0,203.0,-0.026989097,-0.039970927,0.039821886,-0.04926329,0.0074208747,0.0419131,0.008122817
131.0,0.0,,1.9891014,-3232.056,179.0,156.0,177.0,196.0,-0.012323365,218.0,213.0,203.0,-0.016480573,-0.004155758,154.0,200.0,204.0,-0.026989097,-0.039970927,0.039821886,-0.04926329,0.0074208747,0.0419131,0.008122817
132.0,0.0,,2.2542446,-3662.8823,148.0,220.0,209.0,197.0,-0.012323365,226.0,207.0,195.0,-0.016480573,-0.004155758,151.0,199.0,203.0,-0.026989097,-0.039970927,0.039821886,-0.04926329,0.0074208747,0.0419131,0.008122817
133.0,0.0,,2.001597,-3252.3599,186.0,190.0,173.0,185.0,-0.012323365,197.0,206.0,203.0,-0.016480573,-0.004155758,168.0,199.0,201.0,-0.026989097,-0.039970927,0.039821886,-0.04926329,0.0074208747,0.0419131,0.008122817
134.0,0.0,,2.1898606,-3558.2659,197.0,195.0,177.0,206.0,-0.012323365,197.0,210.0,202.0,-0.016480573,-0.004155758,214.0,223.0,200.0,-0.026989097,-0.039970927,0.039821886,-0.04926329,0.0074208747,0.0419131,0.008122817
135.0,0.0,,2.2310317,-3625.164,206.0,201.0,199.0,196.0,-0.012323365,177.0,208.0,202.0,-0.016480573,-0.004155758,175.0,201.0,199.0,-0.026989097,-0.039970927,0.039821886,-0.04926329,0.0074208747,0.0419131,0.008122817
136.0,0.0,,2.2773507,-3700.427,201.0,202.0,200.0,197.0,-0.012323365,210.0,192.0,202.0,-0.016480573,-0.004155758,197.0,202.0,198.0,-0.026989097,-0.039970927,0.039821886,-0.04926329,0.0074208747,0.0419131,0.008122817
137.0,0.0,,2.1812072,-3544.205,200.0,197.0,198.0,199.0,-0.012323365,169.0,212.0,202.0,-0.016480573,-0.004155758,202.0,194.0,207.0,-0.026989097,-0.039970927,0.039821886,-0.04926329,0.0074208747,0.0419131,0.008122817
138.0,0.0,,2.3263414,-3780.0312,197.0,202.0,201.0,199.0,-0.012323365,198.0,216.0,202.0,-0.016480573,-0.004155758,205.0,200.0,203.0,-0.026989097,-0.039970927,0.039821886,-0.04926329,0.0074208747,0.0419131,0.008122817
139.0,0.0,,2.2625422,-3676.3652,198.0,200.0,196.0,199.0,-0.012323365,199.0,206.0,202.0,-0.016480573,-0.004155758,198.0,198.0,203.0,-0.026989097,-0.039970927,0.039821886,-0.04926329,0.0074208747,0.0419131,0.008122817
140.0,0.0,,2.2586584,-3670.0544,208.0,201.0,198.0,199.0,-0.012323365,170.0,211.0,209.0,-0.016480573,-0.004155758,199.0,204.0,201.0,-0.026989097,-0.039970927,0.039821886,-0.04926329,0.0074208747,0.0419131,0.008122817
141.0,0.0,,2.308692,-3751.353,210.0,195.0,200.0,199.0,-0.012323365,196.0,207.0,203.0,-0.016480573,-0.004155758,193.0,205.0,201.0,-0.026989097,-0.039970927,0.039821886,-0.04926329,0.0074208747,0.0419131,0.008122817
142.0,0.0,,2.2813406,-3706.9104,199.0,201.0,196.0,201.0,-0.012323365,195.0,210.0,202.0,-0.016480573,-0.004155758,201.0,200.0,199.0,-0.026989097,-0.039970927,0.039821886,-0.04926329,0.0074208747,0.0419131,0.008122817
143.0,0.0,,2.3009405,-3738.7578,204.0,198.0,197.0,199.0,-0.012323365,199.0,209.0,203.0,-0.016480573,-0.004155758,154.0,203.0,200.0,-0.026989097,-0.039970927,0.039821886,-0.04926329,0.0074208747,0.0419131,0.008122817
144.0,0.0,,2.2560008,-3665.736,207.0,195.0,196.0,196.0,-0.012323365,203.0,201.0,200.0,-0.016480573,-0.004155758,160.0,203.0,189.0,-0.026989097,-0.039970927,0.039821886,-0.04926329,0.0074208747,0.0419131,0.008122817
145.0,0.0,,1.2150006,-1974.2332,162.0,0.0,191.0,199.0,-0.012323365,201.0,207.0,204.0,-0.016480573,-0.004155758,186.0,197.0,200.0,-0.026989097,-0.039970927,0.039821886,-0.04926329,0.0074208747,0.0419131,0.008122817
146.0,0.0,,2.6470165,-4301.091,208.0,204.0,220.0,203.0,-0.012323365,207.0,206.0,205.0,-0.016480573,-0.004155758,200.0,198.0,203.0,-0.026989097,-0.039970927,0.039821886,-0.04926329,0.0074208747,0.0419131,0.008122817
147.0,0.0,,1.983252,-3222.5515,198.0,164.0,180.0,175.0,-0.012323365,197.0,212.0,211.0,-0.016480573,-0.004155758,198.0,196.0,201.0,-0.026989097,-0.039970927,0.039821886,-0.04926329,0.0074208747,0.0419131,0.008122817
148.0,0.0,,2.867992,-4660.15,200.0,320.0,207.0,201.0,-0.012323365,200.0,206.0,204.0,-0.016480573,-0.004155758,196.0,198.0,201.0,-0.026989097,-0.039970927,0.039821886,-0.04926329,0.0074208747,0.0419131,0.008122817
149.0,0.0,,3.540674,-5753.1787,226.0,190.0,329.0,320.0,-0.012323365,220.0,213.0,204.0,-0.016480573,-0.004155758,225.0,174.0,194.0,-0.026989097,-0.039970927,0.039821886,-0.04926329,0.0074208747,0.0419131,0.008122817
150.0,0.0,,3.2861378,-5339.5874,213.0,192.0,314.0,283.0,-0.012323365,225.0,210.0,206.0,-0.016480573,-0.004155758,189.0,190.0,181.0,-0.026989097,-0.039970927,0.039821886,-0.04926329,0.0074208747,0.0419131,0.008122817
151.0,0.0,,1.7694863,-2875.207,205.0,179.0,0.0,291.0,-0.012323365,210.0,209.0,203.0,-0.016480573,-0.004155758,246.0,205.0,201.0,-0.026989097,-0.039970927,0.039821886,-0.04926329,0.0074208747,0.0419131,0.008122817
152.0,0.0,,2.5076609,-4074.654,206.0,201.0,197.0,207.0,-0.012323365,208.0,237.0,204.0,-0.016480573,-0.004155758,199.0,199.0,202.0,-0.026989097,-0.039970927,0.039821886,-0.04926329,0.0074208747,0.0419131,0.008122817
153.0,0.0,,4.2818923,-6957.572,247.0,190.0,375.0,396.0,-0.012323365,196.0,265.0,206.0,-0.016480573,-0.004155758,199.0,199.0,208.0,-0.026989097,-0.039970927,0.039821886,-0.04926329,0.0074208747,0.0419131,0.008122817
154.0,0.0,,2.4018998,-3902.805,202.0,205.0,204.0,203.0,-0.012323365,200.0,215.0,204.0,-0.016480573,-0.004155758,200.0,201.0,204.0,-0.026989097,-0.039970927,0.039821886,-0.04926329,0.0074208747,0.0419131,0.008122817
155.0,0.0,,2.967659,-4822.097,204.0,218.0,170.0,204.0,-0.012323365,201.0,207.0,205.0,-0.016480573,-0.004155758,198.0,196.0,198.0,-0.026989097,-0.039970927,0.039821886,-0.04926329,0.0074208747,0.0419131,0.008122817
156.0,0.0,,2.2163572,-3601.32,156.0,206.0,197.0,251.0,-0.012323365,171.0,204.0,205.0,-0.016480573,-0.004155758,200.0,200.0,206.0,-0.026989097,-0.039970927,0.039821886,-0.04926329,0.0074208747,0.0419131,0.008122817
157.0,0.0,,2.5352478,-4119.4795,214.0,358.0,223.0,205.0,-0.012323365,194.0,306.0,204.0,-0.016480573,-0.004155758,191.0,200.0,203.0,-0.026989097,-0.039970927,0.039821886,-0.04926329,0.0074208747,0.0419131,0.008122817
159.0,0.0,,4.1455073,-6735.962,187.0,227.0,372.0,429.0,-0.012323365,220.0,210.0,202.0,-0.016480573,-0.004155758,198.0,201.0,201.0,-0.026989097,-0.039970927,0.039821886,-0.04926329,0.0074208747,0.0419131,0.008122817
160.0,0.0,,2.1781416,-3539.224,186.0,163.0,197.0,201.0,-0.012323365,210.0,222.0,206.0,-0.016480573,-0.004155758,204.0,194.0,219.0,-0.026989097,-0.039970927,0.039821886,-0.04926329,0.0074208747,0.0419131,0.008122817
161.0,0.0,,2.3457398,-3811.5515,199.0,167.0,234.0,207.0,-0.012323365,206.0,192.0,218.0,-0.016480573,-0.004155758,200.0,213.0,276.0,-0.026989097,-0.039970927,0.039821886,-0.04926329,0.0074208747,0.0419131,0.008122817
162.0,0.0,,2.4241958,-3939.033,206.0,200.0,204.0,207.0,-0.012323365,199.0,220.0,202.0,-0.016480573,-0.004155758,235.0,199.0,198.0,-0.026989097,-0.039970927,0.039821886,-0.04926329,0.0074208747,0.0419131,0.008122817
163.0,0.0,,2.390821,-3884.803,206.0,224.0,200.0,200.0,-0.012323365,193.0,207.0,197.0,-0.016480573,-0.004155758,200.0,194.0,202.0,-0.026989097,-0.039970927,0.039821886,-0.04926329,0.0074208747,0.0419131,0.008122817
164.0,0.0,,2.7646346,-4492.2065,187.0,198.0,185.0,186.0,-0.012323365,354.0,234.0,195.0,-0.016480573,-0.004155758,194.0,199.0,216.0,-0.026989097,-0.039970927,0.039821886,-0.04926329,0.0074208747,0.0419131,0.008122817
165.0,0.0,,2.3414316,-3804.551,198.0,189.0,180.0,236.0,-0.012323365,211.0,204.0,205.0,-0.016480573,-0.004155758,176.0,207.0,194.0,-0.026989097,-0.039970927,0.039821886,-0.04926329,0.0074208747,0.0419131,0.008122817
166.0,0.0,,2.3678584,-3847.4917,204.0,198.0,195.0,218.0,-0.012323365,204.0,204.0,203.0,-0.016480573,-0.004155758,208.0,106.0,202.0,-0.026989097,-0.039970927,0.039821886,-0.04926329,0.0074208747,0.0419131,0.008122817
167.0,0.0,,2.2091882,-3589.6711,200.0,192.0,203.0,198.0,-0.012323365,195.0,199.0,199.0,-0.016480573,-0.004155758,211.0,192.0,188.0,-0.026989097,-0.039970927,0.039821886,-0.04926329,0.0074208747,0.0419131,0.008122817
168.0,0.0,,2.2491274,-3654.5676,201.0,198.0,197.0,201.0,-0.012323365,199.0,196.0,205.0,-0.016480573,-0.004155758,160.0,199.0,204.0,-0.026989097,-0.039970927,0.039821886,-0.04926329,0.0074208747,0.0419131,0.008122817
169.0,0.0,,2.275762,-3697.8457,211.0,197.0,195.0,198.0,-0.012323365,200.0,196.0,206.0,-0.016480573,-0.004155758,181.0,190.0,169.0,-0.026989097,-0.039970927,0.039821886,-0.04926329,0.0074208747,0.0419131,0.008122817
170.0,0.0,,2.1876695,-3554.7058,197.0,199.0,192.0,199.0,-0.012323365,192.0,198.0,205.0,-0.016480573,-0.004155758,204.0,195.0,208.0,-0.026989097,-0.039970927,0.039821886,-0.04926329,0.0074208747,0.0419131,0.008122817
171.0,0.0,,2.2770762,-3699.9812,209.0,197.0,200.0,198.0,-0.012323365,192.0,202.0,204.0,-0.016480573,-0.004155758,173.0,191.0,215.0,-0.026989097,-0.039970927,0.039821886,-0.04926329,0.0074208747,0.0419131,0.008122817
172.0,0.0,,2.3025115,-3741.3105,204.0,202.0,199.0,200.0,-0.012323365,198.0,202.0,204.0,-0.016480573,-0.004155758,198.0,203.0,205.0,-0.026989097,-0.039970927,0.039821886,-0.04926329,0.0074208747,0.0419131,0.008122817
173.0,0.0,,2.182114,-3545.6787,192.0,196.0,201.0,198.0,-0.012323365,187.0,202.0,204.0,-0.016480573,-0.004155758,198.0,198.0,200.0,-0.026989097,-0.039970927,0.039821886,-0.04926329,0.0074208747,0.0419131,0.008122817
174.0,0.0,,2.05577,-3340.3845,201.0,163.0,199.0,199.0,-0.012323365,189.0,197.0,203.0,-0.016480573,-0.004155758,154.0,201.0,204.0,-0.026989097,-0.039970927,0.039821886,-0.04926329,0.0074208747,0.0419131,0.008122817
175.0,0.0,,2.2366886,-3634.356,186.0,209.0,198.0,198.0,-0.012323365,197.0,203.0,203.0,-0.016480573,-0.004155758,197.0,197.0,198.0,-0.026989097,-0.039970927,0.039821886,-0.04926329,0.0074208747,0.0419131,0.008122817
176.0,0.0,,2.2501655,-3656.2544,200.0,215.0,178.0,201.0,-0.012323365,197.0,203.0,203.0,-0.016480573,-0.004155758,198.0,197.0,199.0,-0.026989097,-0.039970927,0.039821886,-0.04926329,0.0074208747,0.0419131,0.008122817
177.0,0.0,,2.0287728,-3296.5176,145.0,204.0,198.0,198.0,-0.012323365,198.0,206.0,198.0,-0.016480573,-0.004155758,197.0,199.0,199.0,-0.026989097,-0.039970927,0.039821886,-0.04926329,0.0074208747,0.0419131,0.008122817
178.0,0.0,,2.0173686,-3277.9868,153.0,198.0,199.0,175.0,-0.012323365,230.0,189.0,204.0,-0.016480573,-0.004155758,198.0,197.0,199.0,-0.026989097,-0.039970927,0.039821886,-0.04926329,0.0074208747,0.0419131,0.008122817
179.0,0.0,,2.2024326,-3578.694,199.0,204.0,199.0,193.0,-0.012323365,169.0,200.0,203.0,-0.016480573,-0.004155758,198.0,204.0,199.0,-0.026989097,-0.039970927,0.039821886,-0.04926329,0.0074208747,0.0419131,0.008122817
180.0,0.0,,2.0084248,-3263.454,197.0,187.0,188.0,208.0,-0.012323365,170.0,184.0,203.0,-0.016480573,-0.004155758,199.0,194.0,199.0,-0.026989097,-0.039970927,0.039821886,-0.04926329,0.0074208747,0.0419131,0.008122817
181.0,0.0,,2.4207168,-3933.3801,191.0,196.0,202.0,196.0,-0.012323365,203.0,209.0,202.0,-0.016480573,-0.004155758,188.0,199.0,199.0,-0.026989097,-0.039970927,0.039821886,-0.04926329,0.0074208747,0.0419131,0.008122817
182.0,0.0,,2.2772465,-3700.2578,199.0,213.0,211.0,196.0,-0.012323365,195.0,185.0,202.0,-0.016480573,-0.004155758,196.0,200.0,200.0,-0.026989097,-0.039970927,0.039821886,-0.04926329,0.0074208747,0.0419131,0.008122817
183.0,0.0,,1.9322686,-3139.7095,203.0,166.0,192.0,199.0,-0.012323365,169.0,187.0,203.0,-0.016480573,-0.004155758,197.0,190.0,200.0,-0.026989097,-0.039970927,0.039821886,-0.04926329,0.0074208747,0.0419131,0.008122817
184.0,0.0,,2.3840659,-3873.8267,209.0,200.0,201.0,209.0,-0.012323365,207.0,201.0,202.0,-0.016480573,-0.004155758,194.0,190.0,199.0,-0.026989097,-0.039970927,0.039821886,-0.04926329,0.0074208747,0.0419131,0.008122817
185.0,0.0,,2.2742167,-3695.3347,198.0,194.0,199.0,199.0,-0.012323365,200.0,212.0,201.0,-0.016480573,-0.004155758,202.0,190.0,200.0,-0.026989097,-0.039970927,0.039821886,-0.04926329,0.0074208747,0.0419131,0.008122817
186.0,0.0,,2.3078773,-3750.0293,208.0,198.0,197.0,200.0,-0.012323365,196.0,208.0,203.0,-0.016480573,-0.004155758,197.0,200.0,201.0,-0.026989097,-0.039970927,0.039821886,-0.04926329,0.0074208747,0.0419131,0.008122817
187.0,0.0,,2.3036232,-3743.117,204.0,193.0,200.0,199.0,-0.012323365,201.0,210.0,203.0,-0.016480573,-0.004155758,201.0,198.0,201.0,-0.026989097,-0.039970927,0.039821886,-0.04926329,0.0074208747,0.0419131,0.008122817
188.0,0.0,,2.1627762,-3514.257,199.0,176.0,199.0,198.0,-0.012323365,196.0,206.0,203.0,-0.016480573,-0.004155758,199.0,196.0,196.0,-0.026989097,-0.039970927,0.039821886,-0.04926329,0.0074208747,0.0419131,0.008122817
189.0,0.0,,2.2879262,-3717.611,197.0,200.0,196.0,199.0,-0.012323365,203.0,208.0,204.0,-0.016480573,-0.004155758,198.0,200.0,202.0,-0.026989097,-0.039970927,0.039821886,-0.04926329,0.0074208747,0.0419131,0.008122817
190.0,0.0,,2.2154193,-3599.796,223.0,201.0,199.0,171.0,-0.012323365,169.0,216.0,204.0,-0.016480573,-0.004155758,199.0,197.0,204.0,-0.026989097,-0.039970927,0.039821886,-0.04926329,0.0074208747,0.0419131,0.008122817
191.0,0.0,,2.3802273,-3867.5896,205.0,194.0,200.0,211.0,-0.012323365,196.0,207.0,205.0,-0.016480573,-0.004155758,198.0,199.0,202.0,-0.026989097,-0.039970927,0.039821886,-0.04926329,0.0074208747,0.0419131,0.008122817
192.0,0.0,,2.3432827,-3807.559,192.0,205.0,208.0,199.0,-0.012323365,228.0,193.0,196.0,-0.016480573,-0.004155758,199.0,198.0,201.0,-0.026989097,-0.039970927,0.039821886,-0.04926329,0.0074208747,0.0419131,0.008122817
193.0,0.0,,2.3204541,-3770.465,207.0,198.0,199.0,200.0,-0.012323365,199.0,209.0,201.0,-0.016480573,-0.004155758,179.0,198.0,202.0,-0.026989097,-0.039970927,0.039821886,-0.04926329,0.0074208747,0.0419131,0.008122817
194.0,0.0,,2.364739,-3842.4229,208.0,203.0,196.0,215.0,-0.012323365,200.0,199.0,203.0,-0.016480573,-0.004155758,194.0,199.0,202.0,-0.026989097,-0.039970927,0.039821886,-0.04926329,0.0074208747,0.0419131,0.008122817
195.0,0.0,,0.21634658,55.334644,217.0,189.0,198.0,200.0,0.057509035,200.0,201.0,215.0,-0.016480573,0.13298425,196.0,198.0,202.0,-0.021591278,-0.032703485,0.057922743,0.004478481,-0.0037104373,0.009314022,-0.08935098
196.0,0.0,,0.018297508,-5.679012,198.0,198.0,197.0,202.0,-0.016431153,200.0,212.0,206.0,-0.020600716,0.020778788,202.0,199.0,202.0,-0.021591278,-0.029069766,0.054302573,0.004478481,0.0037104373,0.009314022,-0.085289575
197.0,0.0,,0.011574359,10.657285,198.0,201.0,197.0,199.0,0.012323365,194.0,202.0,206.0,-0.020600716,0.07064788,195.0,203.0,200.0,-0.016193459,-0.072674416,0.028961372,0.004478481,0.0,-0.009314022,0.0040614083
198.0,0.0,,-0.057344332,-158.40225,201.0,196.0,199.0,201.0,-0.004107788,197.0,199.0,206.0,-0.008240286,0.024934547,152.0,200.0,201.0,-0.016193459,0.079941854,0.08688411,-0.022392405,0.0,0.009314022,-0.012184225
199.0,0.0,,-0.17909867,-291.01428,198.0,200.0,197.0,202.0,-0.004107788,196.0,198.0,205.0,-0.012360429,-0.033246063,191.0,197.0,203.0,-0.037784737,-0.014534883,-0.03258154,0.004478481,-0.025973061,0.0,0.008122817
200.0,0.0,,-0.118672,117.07417,204.0,192.0,198.0,200.0,-0.004107788,201.0,204.0,206.0,-0.008240286,-0.004155758,165.0,197.0,206.0,-0.021591278,-0.018168604,0.028961372,-0.008956962,0.0,0.0139710335,0.008122817
201.0,0.0,,0.01880523,17.912306,203.0,199.0,198.0,199.0,-0.004107788,199.0,206.0,206.0,-0.012360429,-0.016623031,178.0,210.0,206.0,-0.016193459,-0.04723837,0.04706223,0.013435443,0.0,-0.004657011,0.012184225
202.0,0.0,,-0.20526606,189.00215,193.0,197.0,197.0,199.0,-0.004107788,199.0,206.0,206.0,-0.028841004,0.0789594,153.0,201.0,201.0,-0.021591278,-0.032703485,0.036201715,-0.04030633,-0.0037104373,0.0,0.016245633
203.0,0.0,,-0.15144761,-836.68756,199.0,199.0,199.0,199.0,-0.004107788,195.0,205.0,204.0,-0.020600716,0.066492125,149.0,205.0,202.0,-0.026989097,-0.025436046,0.07964377,0.03134937,-0.0037104373,-0.0139710335,-0.05279831
204.0,0.0,,-0.07771564,93.33649,202.0,199.0,198.0,199.0,-0.004107788,194.0,206.0,204.0,-0.020600716,0.020778788,163.0,199.0,201.0,0.010795639,-0.021802325,0.09412446,0.04926329,0.0074208747,-0.0838262,0.008122817
205.0,0.0,,-0.2509471,-182.41875,198.0,199.0,196.0,199.0,-0.004107788,199.0,206.0,204.0,-0.020600716,-0.0124672735,148.0,199.0,202.0,-0.032386918,-0.010901162,0.09050429,0.0,0.0,-0.04657011,0.0
206.0,0.0,,-0.30410665,-311.12366,202.0,173.0,182.0,199.0,0.0,195.0,203.0,206.0,-0.020600716,0.004155758,174.0,196.0,201.0,0.0053978194,-0.039970927,0.126706,0.03582785,0.0037104373,-0.11642528,0.008122817
207.0,0.0,,0.012113223,4.52167,202.0,238.0,183.0,199.0,-0.012323365,196.0,203.0,204.0,-0.024720859,-0.008311516,161.0,199.0,203.0,-0.026989097,-0.029069766,0.07964377,0.022392405,0.0,0.03259908,0.0040614083
208.0,0.0,,0.29260606,-449.03647,200.0,241.0,205.0,222.0,0.0,196.0,203.0,204.0,-0.020600716,-0.016623031,182.0,196.0,201.0,-0.026989097,-0.036337208,0.07964377,0.013435443,-0.0037104373,0.0139710335,0.008122817
209.0,0.0,,2.069465,14291.208,200.0,164.0,182.0,199.0,-0.004107788,198.0,205.0,206.0,-0.020600716,0.004155758,145.0,199.0,202.0,-0.026989097,-0.029069766,0.1013648,0.013435443,0.0037104373,0.018628044,0.0040614083
210.0,0.0,,2.2338574,15426.462,205.0,185.0,188.0,209.0,-0.004107788,197.0,204.0,203.0,-0.020600716,0.004155758,166.0,198.0,201.0,-0.026989097,-0.029069766,0.1013648,0.013435443,0.0037104373,0.018628044,0.0040614083
211.0,0.0,,2.2584374,15596.204,200.0,168.0,226.0,198.0,-0.004107788,197.0,203.0,204.0,-0.020600716,0.004155758,172.0,200.0,200.0,-0.026989097,-0.029069766,0.1013648,0.013435443,0.0037104373,0.018628044,0.0040614083
212.0,0.0,,2.1415231,14788.824,174.0,198.0,195.0,200.0,-0.004107788,197.0,203.0,203.0,-0.020600716,0.004155758,190.0,199.0,202.0,-0.026989097,-0.029069766,0.1013648,0.013435443,0.0037104373,0.018628044,0.0040614083
213.0,0.0,,2.0617862,14238.181,165.0,195.0,195.0,199.0,-0.004107788,192.0,203.0,202.0,-0.020600716,0.004155758,150.0,199.0,202.0,-0.026989097,-0.029069766,0.1013648,0.013435443,0.0037104373,0.018628044,0.0040614083
214.0,0.0,,-0.21039733,215.25208,204.0,198.0,208.0,198.0,-0.008215576,182.0,203.0,203.0,-0.020600716,0.0,147.0,198.0,201.0,-0.026989097,-0.029069766,0.0506824,0.004478481,-0.0037104373,0.055884134,0.008122817
215.0,0.0,,-0.015238337,-10.266552,205.0,197.0,197.0,208.0,0.004107788,209.0,215.0,204.0,-0.020600716,-0.004155758,148.0,198.0,201.0,-0.026989097,-0.032703485,0.04706223,0.008956962,0.0037104373,0.06519816,0.0040614083
216.0,0.0,,-0.4017495,-357.98474,190.0,189.0,177.0,199.0,-0.012323365,194.0,194.0,204.0,-0.020600716,0.0,152.0,199.0,201.0,-0.026989097,-0.029069766,0.057922743,0.013435443,0.0,0.074512176,0.0040614083
217.0,0.0,,0.13570778,48.68384,196.0,194.0,209.0,199.0,-0.012323365,214.0,206.0,204.0,-0.032961145,-0.008311516,198.0,199.0,202.0,-0.032386918,-0.021802325,0.043442056,0.013435443,0.0037104373,0.0419131,0.012184225
218.0,0.0,,-0.090795994,-20.064463,197.0,195.0,192.0,199.0,-0.016431153,190.0,207.0,204.0,-0.024720859,0.12051697,165.0,202.0,202.0,-0.026989097,-0.029069766,0.0506824,0.004478481,0.0,0.004657011,0.02842986
219.0,0.0,,-0.8009592,219.05841,193.0,185.0,178.0,172.0,-0.016431153,196.0,189.0,203.0,-0.024720859,0.0,139.0,197.0,198.0,-0.021591278,-0.029069766,0.057922743,0.008956962,-0.0074208747,-0.0139710335,-0.06498253
220.0,0.0,,-0.03470985,21.306448,200.0,200.0,196.0,200.0,0.008215576,200.0,207.0,204.0,0.008240286,0.037401818,152.0,203.0,200.0,-0.032386918,-0.025436046,0.14480686,-0.05374177,0.025973061,0.009314022,-0.0040614083
221.0,0.0,,-0.12758607,-40.50931,201.0,200.0,198.0,199.0,-0.008215576,200.0,205.0,204.0,-0.020600716,0.016623031,150.0,195.0,201.0,-0.032386918,-0.025436046,0.07240343,0.004478481,-0.0037104373,0.06985517,-0.0040614083
222.0,0.0,,-0.22598504,-56.237698,177.0,197.0,184.0,200.0,-0.004107788,197.0,204.0,204.0,-0.020600716,0.004155758,152.0,198.0,202.0,-0.026989097,-0.0036337208,0.0760236,-0.008956962,0.018552186,0.12108229,0.016245633
223.0,0.0,,-0.13173348,33.693275,194.0,201.0,201.0,199.0,-0.008215576,197.0,202.0,203.0,-0.016480573,-0.020778788,175.0,199.0,202.0,-0.026989097,-0.05450581,0.06878326,0.013435443,-0.014841749,0.03259908,-0.0040614083
224.0,0.0,,-0.17557365,-64.66495,216.0,205.0,197.0,198.0,-0.036970094,188.0,226.0,207.0,-0.020600716,0.008311516,160.0,198.0,202.0,-0.026989097,-0.021802325,0.057922743,0.004478481,-0.0037104373,-0.14902435,0.0040614083
225.0,0.0,,-0.027329568,-13.725904,214.0,198.0,199.0,200.0,-0.004107788,192.0,217.0,206.0,-0.020600716,-0.016623031,167.0,198.0,202.0,-0.026989097,-0.029069766,0.057922743,0.0,0.0,0.0139710335,0.0040614083
226.0,0.0,,-0.040602826,-6.300966,193.0,213.0,198.0,201.0,0.0,208.0,213.0,200.0,-0.016480573,-0.024934547,198.0,198.0,203.0,-0.026989097,-0.025436046,0.054302573,0.008956962,-0.0037104373,-0.14902435,0.0040614083
227.0,0.0,,0.16534127,123.438446,198.0,202.0,216.0,201.0,0.012323365,196.0,211.0,205.0,-0.016480573,-0.024934547,184.0,194.0,201.0,0.010795639,-0.032703485,0.057922743,0.004478481,0.0,-0.004657011,0.08935098
228.0,0.0,,0.05288526,54.10554,203.0,192.0,199.0,199.0,-0.004107788,198.0,205.0,214.0,-0.020600716,0.004155758,201.0,196.0,201.0,-0.016193459,-0.014534883,0.061542913,-0.017913925,0.0,-0.0139710335,0.0040614083
229.0,0.0,,0.030126553,-69.34881,208.0,195.0,193.0,199.0,-0.004107788,198.0,198.0,203.0,-0.008240286,0.08311515,211.0,200.0,204.0,-0.026989097,-0.04723837,-0.007240343,-0.04478481,-0.0037104373,0.004657011,0.008122817
230.0,0.0,,-0.11687497,-807.1097,202.0,197.0,196.0,199.0,0.0,198.0,201.0,206.0,-0.024720859,0.004155758,196.0,197.0,206.0,-0.010795639,-0.058139533,-0.0036201715,0.017913925,-0.025973061,-0.004657011,-0.02842986
231.0,0.0,,-0.027487284,151.85625,198.0,201.0,195.0,200.0,-0.004107788,201.0,203.0,207.0,-0.008240286,0.020778788,199.0,198.0,203.0,-0.010795639,-0.039970927,0.018100858,-0.026870886,0.0,0.004657011,-0.032491267
232.0,0.0,,-0.08633063,-22.287022,198.0,197.0,200.0,199.0,-0.004107788,194.0,202.0,205.0,0.012360429,-0.024934547,157.0,202.0,207.0,-0.032386918,-0.010901162,0.14118668,0.008956962,-0.0037104373,-0.023285056,0.012184225
234.0,0.0,,-0.019180078,-4.8606544,197.0,195.0,198.0,199.0,0.0,200.0,204.0,204.0,-0.020600716,0.087270916,174.0,205.0,202.0,-0.021591278,-0.021802325,0.04706223,-0.017913925,-0.011131312,-0.0139710335,0.012184225
235.0,0.0,,-0.059316687,63.019413,207.0,198.0,194.0,196.0,-0.004107788,193.0,203.0,204.0,-0.020600716,0.0124672735,169.0,206.0,204.0,-0.026989097,-0.018168604,0.06878326,0.04926329,0.05565656,-0.10711126,0.02436845
236.0,0.0,,-0.32583302,300.01617,206.0,197.0,199.0,198.0,-0.008215576,194.0,204.0,201.0,-0.020600716,-0.004155758,151.0,203.0,201.0,-0.010795639,-0.032703485,0.04706223,0.0,-0.011131312,-0.04657011,-0.04467549
237.0,0.0,,-0.2578654,64.17132,208.0,198.0,199.0,201.0,-0.008215576,197.0,199.0,204.0,-0.020600716,0.008311516,152.0,204.0,201.0,-0.0053978194,-0.039970927,0.07964377,0.004478481,-0.0074208747,-0.13505332,0.0040614083
238.0,0.0,,-0.21376729,66.34712,192.0,198.0,190.0,202.0,-0.004107788,198.0,206.0,204.0,-0.012360429,0.0,159.0,201.0,201.0,-0.021591278,-0.036337208,0.08688411,0.008956962,-0.0074208747,-0.0139710335,0.0
239.0,0.0,,-0.27150303,-117.18326,209.0,198.0,184.0,200.0,0.0,196.0,200.0,204.0,-0.020600716,-0.0124672735,149.0,199.0,203.0,-0.021591278,-0.036337208,0.043442056,0.008956962,-0.0074208747,0.018628044,0.0040614083
240.0,0.0,,-0.23723337,-80.90244,194.0,192.0,199.0,199.0,-0.008215576,195.0,201.0,204.0,-0.020600716,-0.0124672735,155.0,200.0,201.0,-0.026989097,-0.021802325,0.06878326,-0.004478481,0.033393934,0.018628044,-0.0040614083
242.0,0.0,,-0.18464574,637.5587,221.0,178.0,192.0,214.0,-0.004107788,172.0,201.0,205.0,-0.020600716,-0.0124672735,154.0,199.0,202.0,-0.032386918,-0.025436046,0.06878326,0.04926329,-0.0074208747,0.027942067,0.0040614083
243.0,0.0,,-0.48945743,245.82335,192.0,193.0,197.0,190.0,0.0,195.0,185.0,202.0,-0.020600716,-0.004155758,147.0,198.0,201.0,-0.026989097,-0.04360465,0.061542913,0.0,0.0,-0.0139710335,0.0
244.0,0.0,,-0.29279792,-425.682,191.0,193.0,209.0,197.0,-0.012323365,222.0,183.0,187.0,-0.020600716,-0.004155758,149.0,198.0,201.0,-0.026989097,-0.029069766,0.0506824,0.008956962,-0.0037104373,-0.009314022,0.0040614083
245.0,0.0,,-0.019259995,15.6476145,218.0,218.0,197.0,198.0,-0.008215576,200.0,192.0,203.0,0.053561863,0.008311516,153.0,198.0,202.0,-0.026989097,-0.036337208,0.04706223,0.013435443,0.0074208747,-0.027942067,0.0
246.0,0.0,,-0.29742718,-328.63324,192.0,197.0,203.0,198.0,-0.016431153,199.0,182.0,203.0,-0.024720859,0.029090304,148.0,202.0,203.0,-0.0053978194,-0.032703485,0.057922743,0.013435443,0.0074208747,-0.0139710335,-0.0040614083
247.0,0.0,,-0.10124044,279.6565,208.0,194.0,199.0,198.0,-0.008215576,195.0,209.0,202.0,-0.028841004,-0.004155758,157.0,199.0,204.0,0.0,-0.058139533,0.0506824,0.09852658,-0.0037104373,-0.0139710335,0.008122817
248.0,0.0,,-0.3254056,-147.3554,205.0,198.0,198.0,199.0,0.0,199.0,185.0,202.0,-0.024720859,-0.0124672735,144.0,200.0,202.0,-0.053978194,-0.021802325,0.11946566,-0.026870886,-0.018552186,-0.0139710335,0.008122817
249.0,0.0,,-0.25803694,158.39455,210.0,197.0,198.0,195.0,-0.020538941,199.0,204.0,201.0,-0.024720859,-0.029090304,155.0,199.0,201.0,-0.037784737,-0.032703485,-0.039821886,0.004478481,0.059366997,0.004657011,0.020307042
250.0,0.0,,-0.23541251,-203.21248,211.0,198.0,197.0,200.0,-0.008215576,194.0,204.0,204.0,-0.028841004,-0.037401818,149.0,200.0,201.0,-0.021591278,-0.021802325,0.07240343,-0.013435443,-0.018552186,-0.004657011,0.012184225
251.0,0.0,,-0.43061057,-626.03986,201.0,197.0,199.0,198.0,-0.012323365,197.0,205.0,204.0,-0.020600716,-0.0789594,135.0,200.0,201.0,-0.010795639,-0.036337208,0.054302573,-0.03582785,-0.037104372,0.023285056,-0.0040614083
252.0,0.0,,-0.38122636,100.29158,208.0,198.0,195.0,197.0,-0.008215576,199.0,203.0,204.0,-0.020600716,-0.016623031,135.0,196.0,203.0,-0.032386918,-0.0072674416,0.061542913,-0.004478481,-0.033393934,-0.06519816,0.012184225
253.0,0.0,,-0.49203473,-91.21795,185.0,176.0,185.0,197.0,-0.008215576,200.0,203.0,204.0,-0.020600716,-0.008311516,150.0,199.0,203.0,-0.032386918,-0.09447674,0.07240343,0.026870886,-0.037104372,0.004657011,0.0
254.0,0.0,,-0.60159254,-182.61311,205.0,200.0,176.0,197.0,-0.008215576,200.0,202.0,204.0,-0.020600716,-0.0124672735,156.0,199.0,202.0,-0.032386918,-0.079941854,-0.0506824,0.008956962,0.0,-0.13971034,-0.008122817
255.0,0.0,,-0.17344955,252.16829,213.0,196.0,234.0,197.0,-0.008215576,198.0,203.0,204.0,-0.020600716,-0.0124672735,150.0,199.0,202.0,-0.026989097,-0.04360465,0.07964377,-0.076134175,0.0,-0.088483214,-0.008122817
256.0,0.0,,-0.06280769,144.57808,222.0,191.0,198.0,199.0,-0.012323365,199.0,201.0,204.0,-0.020600716,-0.004155758,150.0,200.0,202.0,-0.026989097,-0.032703485,0.08326394,0.03134937,0.018552186,0.0139710335,0.008122817
257.0,0.0,,-0.3515546,-176.5635,191.0,198.0,182.0,198.0,0.004107788,195.0,202.0,204.0,-0.020600716,-0.020778788,149.0,199.0,202.0,-0.026989097,-0.021802325,0.03258154,0.03582785,0.0,0.018628044,0.012184225
258.0,0.0,,-0.044102136,-243.64665,199.0,197.0,199.0,200.0,-0.004107788,220.0,202.0,204.0,-0.020600716,-0.0124672735,163.0,198.0,202.0,-0.032386918,-0.029069766,0.0506824,0.008956962,-0.0074208747,0.04657011,0.0040614083
259.0,0.0,,-0.11304879,115.657295,197.0,195.0,211.0,196.0,0.0,217.0,204.0,205.0,-0.020600716,-0.008311516,150.0,199.0,202.0,-0.026989097,-0.032703485,0.043442056,0.004478481,-0.014841749,0.018628044,0.008122817
260.0,0.0,,-0.009814575,18.073868,197.0,192.0,200.0,198.0,-0.008215576,205.0,208.0,220.0,-0.020600716,-0.008311516,197.0,198.0,203.0,-0.026989097,-0.036337208,0.043442056,0.004478481,0.0,-0.06985517,0.0
261.0,0.0,,0.0028042682,38.731163,198.0,219.0,196.0,218.0,-0.012323365,209.0,202.0,204.0,-0.020600716,0.004155758,155.0,198.0,203.0,-0.021591278,-0.032703485,0.054302573,-0.008956962,-0.04081481,0.037256088,0.0040614083
262.0,0.0,,-0.5461632,5028.889,203.0,184.0,175.0,183.0,-0.008215576,199.0,201.0,204.0,-0.020600716,-0.020778788,152.0,198.0,202.0,-0.021591278,-0.032703485,0.07964377,0.004478481,0.0037104373,-0.0838262,0.008122817
263.0,0.0,,0.16199377,-71.02785,205.0,256.0,202.0,199.0,-0.004107788,198.0,205.0,204.0,-0.020600716,-0.024934547,147.0,199.0,202.0,-0.016193459,-0.05450581,0.07964377,-0.013435443,-0.029683499,0.10711126,0.012184225
264.0,0.0,,-0.51179445,-4712.4326,176.0,197.0,197.0,196.0,-0.008215576,200.0,201.0,204.0,-0.020600716,-0.020778788,147.0,197.0,206.0,-0.032386918,-0.025436046,0.061542913,0.0,0.0,-0.10711126,0.008122817
265.0,0.0,,-0.057922535,-8.556119,202.0,201.0,196.0,199.0,-0.008215576,200.0,206.0,202.0,-0.020600716,0.016623031,151.0,200.0,202.0,-0.026989097,-0.018168604,0.0506824,0.004478481,-0.025973061,0.13505332,0.0040614083
266.0,0.0,,-0.31633848,63.782616,198.0,197.0,197.0,200.0,-0.004107788,198.0,203.0,204.0,-0.020600716,0.008311516,152.0,202.0,201.0,-0.043182556,-0.032703485,0.06878326,0.026870886,-0.025973061,-0.09314022,0.0
267.0,0.0,,-0.23490345,-127.23016,196.0,199.0,198.0,199.0,-0.004107788,195.0,204.0,204.0,-0.020600716,0.004155758,149.0,195.0,202.0,-0.043182556,0.0036337208,-0.010860514,0.022392405,0.0074208747,0.051227123,0.012184225
268.0,0.0,,-0.22994986,-115.48918,206.0,198.0,197.0,200.0,-0.008215576,194.0,204.0,204.0,-0.020600716,0.004155758,149.0,198.0,203.0,-0.032386918,-0.05087209,0.07964377,0.026870886,0.014841749,-0.060541146,0.012184225
269.0,0.0,,-0.1382623,76.38439,203.0,195.0,198.0,199.0,-0.004107788,195.0,204.0,204.0,-0.020600716,0.008311516,148.0,197.0,194.0,-0.026989097,-0.029069766,0.06878326,-0.05374177,0.0037104373,0.1629954,0.016245633
270.0,0.0,,-0.13324982,-Infinity,214.0,201.0,197.0,195.0,-0.008215576,200.0,202.0,205.0,-0.020600716,0.0124672735,151.0,193.0,205.0,-0.070171654,-0.0036337208,0.04706223,-0.004478481,0.011131312,0.051227123,-0.0040614083
271.0,0.0,,-0.21416888,98.59978,198.0,199.0,198.0,199.0,-0.008215576,196.0,204.0,204.0,-0.020600716,-0.0124672735,152.0,196.0,202.0,-0.032386918,-0.014534883,0.06516308,0.008956962,-0.018552186,0.03259908,0.008122817
272.0,0.0,,-0.15781908,-23.692589,208.0,197.0,195.0,198.0,-0.008215576,199.0,204.0,201.0,-0.020600716,-0.008311516,156.0,201.0,201.0,-0.043182556,-0.025436046,0.014480686,0.026870886,0.011131312,0.04657011,0.008122817
273.0,0.0,,-0.44955438,105.23763,207.0,198.0,197.0,199.0,-0.004107788,196.0,204.0,204.0,-0.020600716,-0.09973819,133.0,201.0,205.0,-0.032386918,-0.10174418,0.061542913,0.008956962,0.0,-0.0139710335,-0.008122817
274.0,0.0,,-0.21534455,-36.718906,189.0,199.0,201.0,200.0,-0.008215576,197.0,203.0,204.0,-0.020600716,-0.0124672735,197.0,197.0,204.0,-0.021591278,-0.021802325,0.014480686,-0.026870886,-0.037104372,-0.060541146,0.0
275.0,0.0,,-0.19004121,41.66277,206.0,157.0,214.0,198.0,-0.008215576,199.0,201.0,204.0,-0.020600716,-0.008311516,194.0,198.0,202.0,-0.032386918,-0.025436046,-0.043442056,0.017913925,-0.0074208747,0.023285056,0.012184225
276.0,0.0,,-0.0667085,29.720789,199.0,198.0,188.0,199.0,-0.004107788,199.0,204.0,204.0,-0.020600716,0.008311516,178.0,197.0,202.0,-0.026989097,0.0,0.06878326,0.03134937,-0.0037104373,0.0139710335,-0.0040614083
277.0,0.0,,-0.10633453,104.90282,227.0,179.0,184.0,199.0,0.04929346,199.0,203.0,205.0,-0.020600716,0.0124672735,167.0,197.0,202.0,-0.021591278,-0.025436046,0.08326394,0.0,-0.025973061,-0.0139710335,0.0040614083
278.0,0.0,,-0.36765847,-111.60253,201.0,199.0,179.0,198.0,0.0,199.0,205.0,204.0,-0.020600716,0.0,156.0,198.0,202.0,-0.026989097,-0.032703485,0.0760236,-0.076134175,-0.011131312,-0.0139710335,0.0
279.0,0.0,,-0.33763215,-227.47348,206.0,223.0,195.0,202.0,-0.008215576,173.0,204.0,204.0,-0.020600716,0.0,150.0,199.0,203.0,-0.026989097,-0.025436046,0.061542913,-0.08061266,-0.014841749,-0.074512176,0.012184225
280.0,0.0,,-0.08549318,590.39453,215.0,197.0,197.0,199.0,0.0,196.0,207.0,204.0,-0.020600716,-0.004155758,153.0,199.0,202.0,-0.026989097,-0.021802325,0.057922743,0.004478481,0.0,0.027942067,0.012184225
281.0,0.0,,-0.31183574,-246.10966,214.0,199.0,197.0,192.0,-0.020538941,207.0,193.0,204.0,-0.020600716,-0.004155758,149.0,199.0,202.0,-0.021591278,-0.029069766,0.0506824,0.008956962,0.022262624,-0.13505332,0.0040614083
282.0,0.0,,-0.423692,-134.52463,216.0,192.0,200.0,200.0,-0.004107788,175.0,194.0,203.0,-0.020600716,-0.008311516,148.0,199.0,202.0,-0.021591278,-0.021802325,0.0506824,0.0,0.0,-0.10711126,0.0040614083
283.0,0.0,,-0.16173974,558.4671,195.0,199.0,200.0,197.0,-0.008215576,217.0,195.0,203.0,-0.020600716,-0.004155758,151.0,198.0,202.0,-0.026989097,-0.036337208,0.057922743,0.0,0.0,0.04657011,0.0040614083
284.0,0.0,,-0.28164232,-324.1586,206.0,195.0,199.0,199.0,-0.041077882,186.0,207.0,196.0,-0.020600716,-0.004155758,150.0,198.0,202.0,-0.021591278,-0.025436046,0.0506824,0.0,0.0,0.0419131,0.008122817
285.0,0.0,,-0.14722578,369.71072,200.0,202.0,205.0,199.0,-0.036970094,197.0,205.0,203.0,-0.020600716,-0.008311516,152.0,200.0,203.0,-0.021591278,-0.029069766,0.04706223,0.004478481,0.0037104373,0.04657011,0.0
286.0,0.0,,-0.24527845,211.72897,196.0,198.0,199.0,199.0,0.0,202.0,222.0,204.0,-0.016480573,-0.004155758,149.0,199.0,202.0,-0.021591278,-0.029069766,0.0506824,0.0,0.0,-0.09779724,0.0040614083
287.0,0.0,,-0.3199591,2209.5579,208.0,190.0,205.0,198.0,0.0,195.0,192.0,204.0,-0.020600716,-0.016623031,150.0,199.0,202.0,-0.021591278,-0.025436046,0.0506824,0.0,0.0,-0.060541146,0.0040614083
289.0,0.0,,-0.15898971,-627.39624,213.0,190.0,197.0,198.0,-0.004107788,195.0,202.0,204.0,-0.016480573,0.0,158.0,199.0,202.0,-0.021591278,-0.029069766,0.0506824,0.0,0.0037104373,0.018628044,0.0
290.0,0.0,,-0.25003478,-627.8828,202.0,192.0,200.0,193.0,0.06572461,203.0,193.0,189.0,-0.024720859,-0.008311516,150.0,199.0,202.0,-0.021591278,-0.032703485,0.0506824,0.0,0.0,0.060541146,-0.0040614083
291.0,0.0,,-0.08485548,-585.99084,206.0,191.0,199.0,196.0,0.016431153,214.0,225.0,203.0,-0.016480573,-0.004155758,152.0,199.0,202.0,-0.021591278,-0.029069766,0.04706223,0.0,0.0,-0.03259908,0.0040614083
292.0,0.0,,-0.13697281,151.34401,199.0,194.0,206.0,197.0,-0.004107788,198.0,208.0,205.0,-0.020600716,-0.004155758,150.0,198.0,202.0,-0.021591278,-0.029069766,0.061542913,-0.004478481,0.0037104373,0.060541146,0.0
293.0,0.0,,-0.024996705,138.09682,228.0,202.0,201.0,199.0,0.0,213.0,200.0,204.0,-0.020600716,0.008311516,155.0,199.0,202.0,-0.021591278,-0.036337208,0.061542913,0.0,0.0,-0.07916919,0.0
294.0,0.0,,-0.0565037,-48.77505,208.0,199.0,200.0,200.0,-0.012323365,185.0,226.0,203.0,-0.020600716,0.008311516,160.0,198.0,202.0,-0.021591278,-0.029069766,0.0506824,-0.004478481,0.0,0.0419131,0.0040614083
295.0,0.0,,-0.26291406,302.60315,206.0,188.0,198.0,214.0,-0.004107788,174.0,200.0,204.0,-0.020600716,0.0,182.0,197.0,202.0,-0.026989097,-0.036337208,0.057922743,0.004478481,0.0,-0.10711126,0.0040614083
296.0,0.0,,-0.13865596,1915.0466,201.0,195.0,209.0,193.0,-0.004107788,191.0,195.0,204.0,-0.020600716,-0.016623031,175.0,199.0,203.0,-0.021591278,-0.025436046,0.04706223,0.0,0.022262624,0.004657011,0.0040614083
297.0,0.0,,-0.10432527,-180.11107,186.0,224.0,198.0,201.0,0.0,198.0,209.0,203.0,-0.020600716,-0.016623031,167.0,197.0,202.0,-0.026989097,-0.025436046,0.04706223,0.0,-0.025973061,0.0139710335,0.0
298.0,0.0,,0.085907005,237.30092,207.0,225.0,204.0,198.0,0.0,225.0,201.0,204.0,-0.020600716,-0.008311516,197.0,199.0,203.0,-0.032386918,-0.032703485,0.0506824,0.013435443,-0.014841749,0.027942067,0.0040614083
299.0,0.0,,0.021804728,-31.700636,209.0,191.0,223.0,199.0,-0.028754517,199.0,202.0,204.0,-0.020600716,0.0,200.0,198.0,202.0,-0.021591278,-0.021802325,0.054302573,0.013435443,-0.0037104373,-0.13505332,0.012184225
300.0,0.0,,-0.12300826,283.1548,207.0,201.0,201.0,190.0,-0.012323365,200.0,203.0,204.0,-0.020600716,0.0,165.0,200.0,202.0,-0.026989097,-0.032703485,0.08688411,-0.04926329,-0.0074208747,0.037256088,-0.0040614083
301.0,0.0,,-0.415347,-1912.1886,211.0,190.0,199.0,200.0,-0.09447913,198.0,202.0,204.0,-0.020600716,-0.020778788,147.0,198.0,203.0,-0.021591278,-0.032703485,0.018100858,-0.022392405,-0.014841749,-0.009314022,0.0
302.0,0.0,,-0.42567286,-452.2447,203.0,197.0,174.0,197.0,0.008215576,197.0,201.0,204.0,-0.016480573,0.004155758,152.0,199.0,202.0,-0.021591278,-0.105377905,0.06878326,0.04030633,0.0,-0.0838262,0.012184225
303.0,0.0,,-0.2302236,254.37866,204.0,201.0,199.0,190.0,-0.0698324,197.0,203.0,205.0,-0.020600716,0.0,162.0,198.0,202.0,-0.021591278,0.0036337208,0.08326394,0.013435443,0.0,-0.060541146,-0.0040614083
304.0,0.0,,-0.15864913,-101.915474,199.0,164.0,193.0,198.0,-0.04518567,198.0,203.0,204.0,-0.024720859,0.004155758,199.0,199.0,203.0,-0.026989097,-0.010901162,0.04706223,0.03582785,0.0037104373,0.023285056,0.008122817
305.0,0.0,,0.072825216,10.757492,199.0,199.0,198.0,198.0,-0.008215576,200.0,203.0,204.0,-0.020600716,0.0,197.0,199.0,202.0,-0.026989097,-0.036337208,0.06516308,0.022392405,0.014841749,0.0419131,-0.0040614083
306.0,0.0,,-0.09186362,20.630478,198.0,194.0,196.0,197.0,0.008215576,200.0,199.0,204.0,-0.028841004,-0.045713335,195.0,196.0,203.0,-0.032386918,0.0,0.06878326,0.004478481,-0.011131312,-0.009314022,0.012184225
307.0,0.0,,0.0035580844,-0.8329235,203.0,196.0,201.0,198.0,-0.008215576,200.0,207.0,210.0,-0.024720859,0.024934547,200.0,199.0,202.0,-0.032386918,-0.05087209,0.0760236,-0.04030633,-0.022262624,-0.0139710335,-0.012184225
308.0,0.0,,-0.21173471,102.60963,201.0,198.0,199.0,198.0,-0.008215576,198.0,203.0,204.0,-0.020600716,0.020778788,133.0,200.0,203.0,-0.010795639,-0.04360465,0.06516308,0.004478481,-0.0037104373,0.037256088,0.020307042
309.0,0.0,,-0.1610387,-Infinity,198.0,195.0,199.0,197.0,-0.004107788,198.0,206.0,200.0,-0.028841004,0.0124672735,146.0,191.0,206.0,-0.021591278,-0.05450581,0.13756652,0.08509114,-0.011131312,0.004657011,0.008122817
310.0,0.0,,-0.34797567,113.0839,197.0,194.0,194.0,198.0,-0.008215576,209.0,207.0,202.0,-0.024720859,0.029090304,148.0,200.0,206.0,-0.043182556,-0.025436046,-0.039821886,-0.058220252,0.0,0.009314022,0.012184225
311.0,0.0,,-0.5623991,-1726.1278,198.0,193.0,199.0,199.0,-0.004107788,196.0,202.0,203.0,-0.06180215,0.024934547,148.0,201.0,204.0,-0.064773835,-0.09084302,-0.010860514,-0.076134175,-0.018552186,-0.009314022,-0.0040614083
312.0,0.0,,-0.39377475,-213.27924,197.0,199.0,200.0,185.0,-0.020538941,178.0,186.0,202.0,-0.028841004,0.033246063,153.0,203.0,203.0,-0.026989097,0.014534883,0.0506824,-0.004478481,0.0037104373,0.009314022,-0.016245633
313.0,0.0,,-0.36687085,-191.20894,204.0,193.0,198.0,176.0,-0.028754517,207.0,201.0,203.0,-0.024720859,-0.008311516,153.0,202.0,201.0,-0.032386918,-0.025436046,0.04706223,0.0,0.0,-0.018628044,-0.012184225
314.0,0.0,,-0.31476933,-724.5726,197.0,195.0,211.0,205.0,-0.016431153,196.0,201.0,203.0,-0.020600716,-0.116361216,162.0,198.0,202.0,-0.021591278,-0.025436046,0.06878326,0.004478481,0.0,0.0,-0.07716676
315.0,0.0,,-0.13089612,-258.2674,200.0,194.0,199.0,197.0,0.0,191.0,202.0,204.0,-0.020600716,-0.016623031,194.0,199.0,203.0,-0.026989097,-0.025436046,0.043442056,-0.004478481,-0.0037104373,-0.03259908,0.008122817
316.0,0.0,,-0.09323079,-45.98775,197.0,165.0,199.0,200.0,-0.004107788,198.0,202.0,204.0,-0.020600716,-0.008311516,197.0,199.0,202.0,-0.021591278,-0.036337208,0.08326394,0.017913925,0.0,0.055884134,-0.0040614083
317.0,0.0,,-0.020073563,-5.8988514,203.0,194.0,198.0,200.0,-0.004107788,201.0,198.0,203.0,-0.020600716,0.0,205.0,197.0,202.0,-0.016193459,-0.029069766,0.06878326,-0.004478481,0.0037104373,-0.051227123,0.012184225
318.0,0.0,,-0.05721506,-33.626633,208.0,198.0,201.0,198.0,-0.008215576,199.0,197.0,206.0,-0.032961145,0.0,207.0,201.0,204.0,-0.026989097,-0.032703485,0.0506824,0.0,0.0,-0.055884134,-0.08122817
319.0,0.0,,0.0066865915,13.193123,199.0,201.0,199.0,198.0,-0.004107788,195.0,202.0,204.0,-0.020600716,-0.0124672735,200.0,196.0,204.0,-0.016193459,-0.036337208,0.07240343,-0.013435443,0.0,0.018628044,0.0
320.0,0.0,,-0.32145646,-91.54219,197.0,199.0,200.0,198.0,-0.004107788,194.0,201.0,204.0,-0.020600716,-0.037401818,161.0,199.0,203.0,-0.021591278,-0.032703485,0.0506824,0.013435443,-0.011131312,0.004657011,-0.08122817
321.0,0.0,,-0.25135064,-103.62774,198.0,197.0,197.0,198.0,-0.004107788,193.0,201.0,203.0,-0.028841004,-0.0124672735,169.0,202.0,204.0,-0.026989097,0.010901162,-0.010860514,-0.022392405,0.018552186,-0.004657011,-0.016245633
322.0,0.0,,-0.07944208,-168.8022,200.0,191.0,194.0,198.0,0.0,198.0,197.0,204.0,-0.024720859,-0.016623031,178.0,199.0,206.0,0.0,-0.032703485,0.08326394,-0.026870886,0.05565656,-0.004657011,0.02842986
323.0,0.0,,-0.09316308,367.63483,198.0,196.0,199.0,198.0,-0.008215576,201.0,199.0,207.0,-0.012360429,-0.004155758,197.0,197.0,202.0,-0.026989097,-0.018168604,0.061542913,-0.03134937,0.0037104373,0.004657011,-0.06498253
324.0,0.0,,-0.14313132,329.47638,206.0,198.0,194.0,199.0,-0.004107788,200.0,200.0,201.0,-0.016480573,0.008311516,196.0,197.0,202.0,-0.026989097,-0.025436046,-0.021721028,-0.026870886,0.0037104373,0.0,-0.032491267
325.0,0.0,,0.05543159,139.1988,211.0,202.0,199.0,199.0,-0.004107788,200.0,204.0,205.0,-0.012360429,0.004155758,199.0,197.0,202.0,0.010795639,-0.014534883,-0.04706223,0.0,-0.0074208747,-0.004657011,0.008122817
326.0,0.0,,0.18640737,234.05142,209.0,198.0,199.0,198.0,-0.004107788,196.0,199.0,206.0,-0.008240286,0.062336367,201.0,201.0,203.0,-0.037784737,0.06904069,0.06516308,-0.058220252,0.0037104373,0.0,0.008122817
327.0,0.0,,0.051878463,-159.22655,204.0,193.0,200.0,199.0,0.0,200.0,213.0,214.0,-0.012360429,0.062336367,198.0,199.0,202.0,-0.037784737,-0.10174418,0.021721028,-0.022392405,0.0,0.0139710335,-0.0040614083
328.0,0.0,,0.070899725,178.04207,190.0,199.0,199.0,195.0,0.008215576,212.0,214.0,199.0,-0.012360429,0.008311516,196.0,199.0,204.0,-0.016193459,-0.04723837,0.0760236,0.0,0.0,0.0,0.008122817
329.0,0.0,,0.20697156,119.10783,199.0,192.0,200.0,207.0,0.09037134,197.0,201.0,206.0,-0.020600716,0.05402485,205.0,195.0,197.0,-0.043182556,0.029069766,0.057922743,0.0,0.0,0.004657011,0.0040614083
330.0,0.0,,-0.095593445,-28.39331,199.0,203.0,198.0,200.0,0.012323365,204.0,203.0,218.0,-0.03708129,-0.004155758,166.0,196.0,195.0,-0.048580375,-0.029069766,0.057922743,-0.008956962,-0.0037104373,-0.004657011,0.016245633
331.0,0.0,,-0.11418056,-11.066701,200.0,202.0,196.0,200.0,0.008215576,198.0,196.0,205.0,-0.016480573,0.004155758,183.0,191.0,203.0,-0.026989097,-0.029069766,0.0506824,0.0,0.0,0.0,-0.012184225
332.0,0.0,,-0.13449073,-29.95998,192.0,201.0,201.0,200.0,0.008215576,193.0,198.0,204.0,0.012360429,-0.05402485,200.0,196.0,205.0,-0.026989097,-0.029069766,0.057922743,-0.004478481,0.0,-0.004657011,-0.07310535
333.0,0.0,,0.008596271,5.3967004,209.0,199.0,201.0,199.0,-0.012323365,199.0,201.0,204.0,-0.020600716,-0.058180608,186.0,213.0,202.0,-0.026989097,-0.036337208,0.057922743,0.008956962,0.0,0.004657011,-0.012184225
334.0,0.0,,-0.02792841,-8.477654,205.0,204.0,208.0,202.0,-0.004107788,197.0,204.0,205.0,-0.024720859,-0.045713335,183.0,199.0,202.0,-0.026989097,-0.032703485,0.057922743,0.0,-0.0037104373,0.0,-0.02842986
335.0,0.0,,-0.039630454,-19.205475,211.0,200.0,205.0,204.0,0.004107788,195.0,205.0,204.0,-0.020600716,-0.066492125,198.0,198.0,202.0,-0.026989097,-0.032703485,0.0506824,-0.004478481,0.0,-0.102454245,0.016245633
336.0,0.0,,-0.039630454,-19.205475,193.0,202.0,196.0,202.0,0.004107788,195.0,209.0,204.0,-0.020600716,-0.066492125,198.0,198.0,202.0,-0.026989097,-0.032703485,0.0506824,-0.004478481,0.0,-0.102454245,0.016245633
337.0,0.0,,0.21243942,55.360516,207.0,202.0,200.0,194.0,-0.008215576,206.0,226.0,203.0,-0.020600716,-0.004155758,197.0,199.0,203.0,-0.026989097,-0.025436046,0.0506824,0.0,0.0074208747,0.0419131,0.0040614083
338.0,0.0,,0.09218183,29.608593,210.0,202.0,200.0,199.0,-0.016431153,197.0,196.0,203.0,-0.020600716,-0.004155758,198.0,198.0,202.0,-0.021591278,-0.025436046,0.057922743,0.0,0.0,0.060541146,-0.0040614083
339.0,0.0,,-0.09432087,-22.460564,199.0,192.0,199.0,194.0,-0.008215576,188.0,209.0,204.0,-0.020600716,0.0,199.0,197.0,202.0,-0.026989097,-0.032703485,0.061542913,0.004478481,-0.037104372,0.018628044,0.0040614083
340.0,0.0,,0.16078234,111.032265,242.0,215.0,200.0,190.0,-0.012323365,197.0,203.0,203.0,-0.020600716,0.0,199.0,196.0,202.0,-0.026989097,-0.036337208,0.04706223,-0.04926329,-0.037104372,0.0139710335,0.0
341.0,0.0,,0.0014110617,-1.3440608,200.0,202.0,196.0,197.0,-0.016431153,196.0,204.0,204.0,-0.020600716,-0.0124672735,197.0,198.0,202.0,-0.026989097,-0.025436046,0.0506824,0.004478481,-0.0037104373,0.0419131,0.0
342.0,0.0,,0.13054729,51.515823,210.0,210.0,185.0,197.0,-0.004107788,198.0,204.0,204.0,-0.020600716,0.004155758,199.0,199.0,202.0,-0.026989097,-0.029069766,0.08688411,-0.017913925,0.022262624,0.037256088,0.008122817
343.0,0.0,,-0.28736687,-63.503487,207.0,172.0,177.0,199.0,-0.004107788,200.0,204.0,204.0,-0.020600716,-0.008311516,197.0,199.0,202.0,-0.026989097,-0.029069766,-0.0036201715,0.004478481,-0.029683499,-0.009314022,0.008122817
344.0,0.0,,0.06869065,-33.288452,209.0,199.0,199.0,199.0,-0.008215576,196.0,202.0,204.0,-0.020600716,-0.0124672735,177.0,197.0,202.0,-0.026989097,-0.018168604,0.039821886,-0.004478481,0.0037104373,0.14902435,0.008122817
345.0,0.0,,0.41795838,172.3174,263.0,252.0,197.0,198.0,-0.004107788,199.0,201.0,204.0,-0.020600716,0.0,197.0,198.0,202.0,-0.021591278,-0.09447674,0.0253412,-0.022392405,-0.0074208747,-0.04657011,0.0
346.0,0.0,,0.41795838,172.3174,203.0,200.0,201.0,198.0,-0.004107788,197.0,200.0,204.0,-0.020600716,0.0,199.0,197.0,201.0,-0.021591278,-0.09447674,0.0253412,-0.022392405,-0.0074208747,-0.04657011,0.0
347.0,0.0,,-0.12641945,37.14984,205.0,204.0,198.0,198.0,0.004107788,199.0,203.0,204.0,-0.020600716,-0.020778788,197.0,198.0,202.0,-0.021591278,-0.0072674416,-0.014480686,-0.022392405,-0.04081481,-0.04657011,-0.008122817
348.0,0.0,,-0.1526635,-37.652,200.0,166.0,191.0,199.0,-0.008215576,197.0,206.0,202.0,-0.020600716,0.008311516,198.0,198.0,202.0,-0.021591278,0.0036337208,0.06878326,0.0,0.0,0.004657011,-0.008122817
349.0,0.0,,0.045562804,20.2997,206.0,200.0,197.0,198.0,0.004107788,197.0,201.0,204.0,-0.020600716,0.0,197.0,198.0,202.0,0.0,-0.11264534,0.07240343,0.026870886,-0.018552186,0.051227123,0.008122817
350.0,0.0,,0.17111431,66.57311,265.0,177.0,196.0,198.0,-0.008215576,200.0,202.0,206.0,-0.020600716,0.008311516,198.0,198.0,203.0,-0.026989097,-0.116279066,0.028961372,0.03134937,0.0,0.0,0.008122817
351.0,0.0,,0.04899455,33.009182,202.0,231.0,198.0,196.0,0.004107788,196.0,203.0,204.0,-0.020600716,0.0,198.0,198.0,201.0,-0.016193459,-0.11264534,0.07964377,0.004478481,-0.0074208747,-0.051227123,0.0
352.0,0.0,,-0.03592044,-14.17472,203.0,200.0,199.0,196.0,-0.008215576,196.0,200.0,204.0,-0.028841004,0.008311516,193.0,190.0,202.0,-0.032386918,-0.058139533,0.07240343,0.0,0.059366997,0.004657011,-0.0040614083
353.0,0.0,,0.21617104,-145.6413,209.0,200.0,200.0,198.0,-0.008215576,209.0,195.0,202.0,-0.032961145,0.041557577,199.0,197.0,203.0,-0.026989097,0.05450581,0.07964377,0.0,0.0,-0.004657011,0.016245633
354.0,0.0,,-0.24810228,263.58957,201.0,200.0,182.0,172.0,-0.020538941,197.0,200.0,201.0,-0.028841004,-0.049869094,213.0,196.0,203.0,-0.043182556,-0.032703485,0.039821886,0.004478481,0.0,0.009314022,0.016245633
355.0,0.0,,-0.030159052,166.6167,201.0,196.0,206.0,197.0,-0.020538941,195.0,206.0,202.0,-0.028841004,0.0124672735,197.0,201.0,201.0,-0.026989097,-0.029069766,0.043442056,0.0,0.0,0.0139710335,-0.036552675
356.0,0.0,,-0.11082249,22.675922,187.0,211.0,194.0,206.0,-0.016431153,181.0,207.0,204.0,-0.020600716,-0.016623031,197.0,197.0,201.0,-0.026989097,-0.029069766,0.0506824,0.004478481,-0.0037104373,-0.023285056,0.020307042
357.0,0.0,,-0.14775258,-53.702236,202.0,196.0,189.0,200.0,-0.004107788,181.0,205.0,204.0,-0.020600716,-0.020778788,197.0,196.0,202.0,-0.026989097,-0.039970927,0.06516308,-0.004478481,0.0074208747,0.009314022,-0.0040614083
358.0,0.0,,0.093705095,-46.221714,210.0,199.0,203.0,199.0,-0.008215576,198.0,204.0,203.0,-0.020600716,-0.004155758,198.0,200.0,202.0,-0.021591278,-0.039970927,0.039821886,0.008956962,-0.0074208747,0.037256088,-0.0040614083
359.0,0.0,,-0.08217385,39.822598,199.0,198.0,200.0,198.0,-0.004107788,198.0,203.0,206.0,-0.020600716,-0.016623031,200.0,200.0,201.0,-0.010795639,0.029069766,0.043442056,-0.004478481,-0.0037104373,-0.14902435,0.008122817
360.0,0.0,,0.055654135,19.709414,198.0,198.0,197.0,200.0,-0.016431153,195.0,205.0,207.0,-0.024720859,0.008311516,201.0,201.0,203.0,-0.016193459,-0.014534883,0.09050429,0.0,-0.025973061,-0.004657011,0.008122817
361.0,0.0,,0.08796769,67.4981,205.0,191.0,198.0,199.0,0.012323365,198.0,204.0,205.0,-0.016480573,-0.008311516,198.0,196.0,204.0,-0.016193459,0.058139533,0.061542913,0.004478481,0.0,-0.009314022,-0.016245633
362.0,0.0,,0.04947304,151.84373,200.0,196.0,194.0,200.0,0.008215576,219.0,204.0,208.0,-0.016480573,0.008311516,198.0,197.0,200.0,-0.037784737,-0.06540697,0.0506824,0.0,0.0,0.004657011,-0.008122817
363.0,0.0,,0.23454478,87.55177,212.0,198.0,194.0,202.0,0.008215576,217.0,200.0,204.0,-0.016480573,0.05402485,196.0,195.0,201.0,-0.021591278,-0.058139533,0.04706223,0.004478481,-0.0037104373,0.0,0.09341239
364.0,0.0,,-0.023844752,-6.333304,201.0,192.0,192.0,202.0,-0.020538941,204.0,210.0,210.0,-0.012360429,-0.0124672735,201.0,215.0,194.0,-0.037784737,-0.029069766,0.04706223,0.004478481,-0.0037104373,0.004657011,-0.020307042
365.0,0.0,,0.019628458,5.768052,198.0,200.0,196.0,200.0,0.02464673,201.0,206.0,206.0,-0.016480573,0.037401818,192.0,201.0,195.0,-0.026989097,-0.025436046,0.04706223,0.004478481,0.0,0.004657011,-0.040614083
366.0,0.0,,0.07655901,19.052158,198.0,201.0,195.0,197.0,0.008215576,195.0,206.0,205.0,-0.016480573,-0.024934547,217.0,201.0,210.0,-0.026989097,-0.039970927,0.054302573,0.0,0.0,0.004657011,-0.020307042
367.0,0.0,,-0.007150491,-3.4054832,208.0,202.0,199.0,191.0,0.0,204.0,201.0,205.0,-0.012360429,-0.0124672735,186.0,200.0,201.0,-0.021591278,-0.032703485,0.0506824,0.0,0.0,0.009314022,-0.012184225
368.0,0.0,,0.2940684,-137.67883,247.0,188.0,196.0,200.0,0.008215576,200.0,204.0,200.0,-0.024720859,0.045713335,198.0,197.0,201.0,-0.021591278,-0.032703485,0.054302573,-0.004478481,0.0,0.0,0.06904394
369.0,0.0,,0.22966063,84.58554,244.0,195.0,198.0,202.0,0.0,198.0,205.0,206.0,-0.020600716,0.037401818,194.0,198.0,202.0,-0.026989097,-0.021802325,0.054302573,-0.004478481,0.0,-0.009314022,-0.032491267
370.0,0.0,,-0.019797444,-15.624709,204.0,199.0,196.0,202.0,0.004107788,199.0,211.0,194.0,-0.028841004,-0.066492125,198.0,199.0,201.0,-0.026989097,-0.029069766,0.043442056,-0.004478481,-0.0037104373,-0.023285056,0.07716676
371.0,0.0,,-0.070150256,-31.766567,214.0,188.0,201.0,200.0,-0.016431153,199.0,201.0,203.0,-0.024720859,-0.0124672735,195.0,197.0,201.0,-0.026989097,-0.029069766,0.043442056,0.004478481,-0.0037104373,-0.0139710335,-0.02436845
372.0,0.0,,0.08219685,94.605156,211.0,191.0,198.0,198.0,0.0,207.0,208.0,203.0,0.020600716,0.004155758,192.0,199.0,202.0,-0.026989097,-0.021802325,0.061542913,-0.004478481,0.0,-0.027942067,0.0040614083
373.0,0.0,,-0.083946034,-105.401886,206.0,201.0,209.0,200.0,0.0,229.0,190.0,211.0,-0.057682008,0.0,164.0,198.0,202.0,-0.026989097,-0.025436046,0.043442056,0.0,-0.0037104373,0.0419131,0.0040614083
374.0,0.0,,-0.029179022,-15.80416,200.0,199.0,207.0,201.0,-0.004107788,197.0,200.0,224.0,-0.020600716,-0.004155758,197.0,197.0,201.0,-0.021591278,-0.025436046,0.039821886,0.004478481,0.0,-0.15368137,0.0040614083
376.0,0.0,,-0.115565106,-638.451,214.0,194.0,196.0,203.0,0.012323365,194.0,209.0,206.0,-0.016480573,-0.008311516,175.0,199.0,205.0,-0.026989097,-0.039970927,0.054302573,-0.004478481,-0.103892244,0.0419131,-0.02842986
377.0,0.0,,0.17430925,171.96231,210.0,194.0,197.0,150.0,0.016431153,211.0,201.0,207.0,-0.012360429,0.029090304,192.0,201.0,202.0,-0.032386918,0.09084302,0.039821886,-0.04926329,0.16696969,-0.0419131,0.0974738
378.0,0.0,,1.2088486,-2226.135,213.0,192.0,216.0,446.0,-0.20538941,284.0,220.0,206.0,0.06180215,0.016623031,202.0,205.0,209.0,-0.010795639,-0.058139533,0.054302573,-0.5239823,-0.089050494,0.037256088,0.02842986
379.0,0.0,,-0.106262624,-36.69116,205.0,208.0,188.0,192.0,0.09037134,205.0,194.0,207.0,-0.13184458,0.0124672735,155.0,202.0,202.0,-0.032386918,-0.029069766,0.13032617,0.008956962,0.0037104373,0.0,0.0040614083
380.0,0.0,,-0.066810094,65.91055,208.0,204.0,198.0,182.0,0.012323365,197.0,212.0,209.0,-0.2678093,0.1662303,200.0,181.0,206.0,-0.021591278,-0.025436046,0.061542913,0.013435443,0.0037104373,0.0,-0.016245633
381.0,0.0,,0.503922,121.04206,213.0,204.0,201.0,205.0,0.004107788,208.0,242.0,206.0,-0.024720859,0.024934547,228.0,198.0,202.0,-0.016193459,-0.025436046,0.04706223,-0.004478481,-0.0037104373,0.060541146,-0.08122817
382.0,0.0,,-0.005091518,-1.0574663,251.0,191.0,195.0,202.0,-0.004107788,195.0,210.0,204.0,-0.024720859,0.15376304,149.0,199.0,202.0,-0.021591278,-0.029069766,0.054302573,-0.004478481,0.0,-0.11642528,-0.05279831
383.0,0.0,,-0.09351397,33.547226,234.0,195.0,197.0,202.0,0.004107788,200.0,214.0,205.0,-0.020600716,-0.008311516,155.0,200.0,205.0,-0.021591278,-0.036337208,0.0506824,-0.004478481,0.0,-0.13039632,0.0040614083
384.0,0.0,,-0.19941723,112.41842,186.0,202.0,196.0,201.0,0.0,201.0,198.0,205.0,-0.020600716,-0.0124672735,160.0,201.0,205.0,-0.021591278,-0.025436046,0.054302573,-0.008956962,0.0,-0.03259908,0.06092113
385.0,0.0,,0.005714968,4.9332676,193.0,194.0,199.0,205.0,0.032862306,195.0,258.0,190.0,-0.045321576,0.045713335,155.0,200.0,203.0,-0.032386918,-0.025436046,0.010860514,0.0,0.0037104373,0.07916919,-0.0040614083
386.0,0.0,,-0.2173051,-200.0873,207.0,202.0,198.0,202.0,0.004107788,200.0,189.0,205.0,-0.012360429,0.004155758,196.0,198.0,203.0,-0.09716075,-0.025436046,0.06878326,0.0,-0.0037104373,-0.19559447,-0.0040614083
387.0,0.0,,0.015412675,4.8936133,199.0,195.0,209.0,200.0,-0.053401247,187.0,204.0,216.0,-0.020600716,0.0124672735,199.0,199.0,201.0,-0.026989097,-0.025436046,0.06878326,0.004478481,0.0037104373,-0.027942067,0.0
388.0,0.0,,-0.058198273,-27.71743,208.0,200.0,198.0,199.0,-0.016431153,205.0,189.0,203.0,-0.012360429,0.008311516,181.0,199.0,199.0,-0.032386918,-0.025436046,0.09774463,-0.004478481,-0.025973061,0.0,-0.0040614083
389.0,0.0,,-0.20956513,-251.68773,198.0,194.0,201.0,202.0,0.028754517,217.0,209.0,207.0,-0.032961145,0.016623031,149.0,196.0,192.0,-0.043182556,-0.032703485,0.06878326,-0.11196203,0.37475416,-0.33996183,-0.0040614083
390.0,0.0,,-0.2705732,-143.73161,213.0,199.0,195.0,199.0,-0.004107788,185.0,211.0,203.0,-0.020600716,0.0,149.0,199.0,201.0,-0.032386918,-0.018168604,0.057922743,0.017913925,-0.0037104373,-0.06985517,-0.008122817
391.0,0.0,,0.004489675,1.4254977,194.0,194.0,199.0,207.0,-0.008215576,194.0,210.0,204.0,-0.020600716,-0.008311516,185.0,198.0,204.0,-0.026989097,-0.036337208,0.0506824,0.017913925,-0.011131312,0.06985517,0.012184225
392.0,0.0,,-0.20888346,-113.13701,234.0,189.0,177.0,198.0,0.0,198.0,208.0,204.0,-0.020600716,-0.004155758,151.0,198.0,205.0,-0.032386918,-0.025436046,0.07964377,0.008956962,0.0074208747,-0.074512176,0.0040614083
393.0,0.0,,-0.17380655,-120.02646,207.0,198.0,225.0,197.0,-0.008215576,199.0,207.0,204.0,-0.020600716,-0.016623031,150.0,199.0,204.0,-0.032386918,-0.036337208,-0.007240343,-0.067177214,0.0,0.027942067,-0.0040614083
394.0,0.0,,-0.28524646,-140.70291,207.0,165.0,199.0,213.0,-0.008215576,199.0,207.0,204.0,-0.020600716,0.008311516,156.0,199.0,204.0,-0.032386918,-0.06540697,0.018100858,0.008956962,-0.0074208747,0.0139710335,0.0040614083
395.0,0.0,,-0.175082,-45.62538,206.0,217.0,192.0,199.0,-0.008215576,197.0,206.0,204.0,-0.020600716,-0.0124672735,146.0,199.0,204.0,-0.032386918,-0.014534883,0.07964377,-0.013435443,-0.0037104373,-0.023285056,-0.012184225
396.0,0.0,,-0.10006482,-34.124573,205.0,200.0,195.0,198.0,0.0,196.0,209.0,204.0,-0.020600716,0.0124672735,150.0,199.0,204.0,-0.026989097,-0.0036337208,0.057922743,-0.004478481,0.018552186,0.0419131,-0.008122817
397.0,0.0,,-0.39599383,-130.22069,197.0,199.0,199.0,197.0,-0.008215576,199.0,208.0,203.0,-0.020600716,0.033246063,146.0,200.0,204.0,-0.070171654,-0.058139533,0.06878326,-0.004478481,-0.0074208747,-0.12108229,0.0
398.0,0.0,,-0.19097525,-164.85342,209.0,199.0,197.0,199.0,-0.008215576,200.0,205.0,204.0,-0.024720859,-0.033246063,149.0,201.0,200.0,-0.026989097,-0.021802325,0.06878326,-0.004478481,0.0,0.0139710335,-0.012184225
399.0,0.0,,-0.03380862,186.77917,208.0,198.0,201.0,199.0,-0.008215576,196.0,203.0,201.0,-0.028841004,0.008311516,186.0,193.0,197.0,-0.026989097,-0.010901162,0.08326394,-0.008956962,-0.0074208747,0.009314022,0.0040614083
400.0,0.0,,-0.40367472,-696.9192,190.0,193.0,175.0,196.0,-0.008215576,197.0,206.0,190.0,-0.024720859,0.045713335,180.0,203.0,203.0,-0.070171654,-0.06904069,0.007240343,0.08956962,-0.0037104373,-0.004657011,0.02436845
401.0,0.0,,0.024644937,-19.45049,199.0,216.0,188.0,196.0,0.020538941,203.0,207.0,202.0,-0.024720859,0.1288285,170.0,200.0,204.0,-0.026989097,-0.036337208,0.057922743,-0.013435443,0.0,0.0,-0.032491267
402.0,0.0,,-0.13207626,-32.28622,211.0,214.0,197.0,197.0,-0.012323365,196.0,211.0,188.0,-0.016480573,0.004155758,153.0,200.0,213.0,-0.026989097,-0.029069766,0.061542913,-0.004478481,0.0,-0.004657011,-0.02436845
403.0,0.0,,-0.62903994,-304.8416,157.0,197.0,202.0,197.0,-0.008215576,198.0,195.0,203.0,-0.020600716,-0.0789594,149.0,198.0,203.0,-0.026989097,-0.039970927,0.043442056,-0.013435443,0.0037104373,-0.023285056,0.008122817
404.0,0.0,,-0.32832143,215.93388,203.0,159.0,198.0,198.0,-0.008215576,193.0,212.0,203.0,-0.024720859,-0.008311516,151.0,199.0,203.0,-0.032386918,-0.018168604,0.057922743,0.008956962,0.0,0.074512176,-0.0040614083
